CountryID;LanguageID;CountryName
AD;en;Andorra
AD;fr;Andorre
AD;ja;アンドラ
AD;ko;안도라
AD;pl;Andora
AD;ru;Андорра
AD;th;อันดอร์รา
AD;zh;安道尔
AE;ar;الإمارات
AE;ca;Unió dels Emirats Àrabs
AE;de;Vereinigte Arabische Emirate
AE;en;United Arab Emirates
AE;es;Emiratos Árabes Unidos
AE;fr;Emirats Arabes Unis
AE;it;Emirati Arabi Uniti
AE;ja;アラブ首長国連邦
AE;ko;아랍에미리트
AE;pl;Zjednoczone Emiraty Arabskie
AE;ru;Объединенные Арабские Эмираты
AE;sv;Förenade Arabemiraten
AE;th;สหรัฐอาหรับเอมิเรตส์
AE;vi;Các Tiểu Vương quốc A-rập Thống nhất
AE;zh;阿拉伯联合酋长国
AF;ca;Afganistan
AF;en;Afghanistan
AF;es;Afganistán
AF;ja;アフガニスタン
AF;ko;아프가니스탄
AF;pl;Afganistan
AF;ru;Афганистан
AF;th;อัฟกานิสถาน
AF;vi;Áp-ga-ni-xtan
AF;zh;阿富汗
AG;de;Antigua und Barbuda
AG;en;Antigua and Barbuda
AG;es;Antigua y Barbuda
AG;fr;Antigua et Barbuda
AG;it;Antigua e Barbuda
AG;ja;アンチグアバーブーダ
AG;ko;앤티가 바부다
AG;sv;Antigua och Barbuda
AG;vi;An-ti-gu-a và Ba-bu-đa
AG;zh;安提瓜和巴布达
AI;en;Anguilla
AI;es;Anguila
AI;ja;アンギラ
AI;ko;안길라
AI;ru;Ангуила
AI;th;อันกิล่า
AI;zh;安圭拉
AL;ca;Albània
AL;de;Albanien
AL;en;Albania
AL;fr;Albanie
AL;ja;アルバニア
AL;ko;알바니아
AL;ru;Албания
AL;sq;Shqipëria
AL;sv;Albanien
AL;th;แอลเบเนีย
AL;vi;An-ba-ni
AL;zh;阿尔巴尼亚
AM;ca;Armènia
AM;de;Armenien
AM;en;Armenia
AM;fr;Arménie
AM;ja;アルメニア
AM;ko;아르메니아
AM;ru;Армения
AM;sv;Armenien
AM;th;อาร์มีเนีย
AM;vi;Ác-mê-ni-a
AM;zh;亚美尼亚
AN;ca;Antilles Holandeses
AN;de;Niederländische Antillen
AN;en;Netherlands Antilles
AN;es;Antillas Holandesas
AN;fr;Antilles Néerlandaises
AN;it;Antille Olandesi
AN;ja;オランダ領アンティル諸島
AN;ko;네덜란드령 안틸레스
AN;pl;Antyle Holenderskie
AN;ru;Нидерландские Антильские острова
AN;sv;Nederländska Antillerna 
AN;th;เนเธอร์แลนด์แอนทิลล์
AN;zh;荷属安的列斯群岛
AO;en;Angola
AO;ja;アンゴラ
AO;ko;앙골라
AO;ru;Ангола
AO;th;อันโกลา
AO;vi;Ăng-gô-la
AO;zh;安哥拉
AQ;de;Antarktis
AQ;en;Antarctica
AQ;es;Antártida
AQ;fr;Antarctique
AQ;it;Antartide
AQ;ja;南極
AQ;ko;남극
AQ;sv;Antarktis
AQ;zh;南极洲
AR;de;Argentinien
AR;en;Argentina
AR;fr;Argentine
AR;ja;アルゼンチン
AR;ko;아르헨티나
AR;pl;Argentyna
AR;ru;Аргентина
AR;th;อาร์เจนติน่า
AR;vi;Ác-hen-ti-na
AR;zh;阿根廷
AS;de;Amerikanisch-Samoa
AS;en;American Samoa
AS;es;Samoa Americana
AS;fr;Samoa américaines
AS;it;Samoa americane
AS;ja;アメリカンサモア
AS;ko;미국령 사모아
AS;sv;Amerikanska Samoa
AS;zh;东萨摩亚
AT;ca;Âustria
AT;de;Österreich
AT;en;Austria
AT;fi;Itävalta
AT;fr;Autriche
AT;he;�?וסטריה
AT;hi;आस�?ट�?रिया
AT;ja;オーストリア
AT;ko;오스트리아
AT;ru;Австрия
AT;sv;Österrike
AT;th;ออสเตรีย
AT;vi;Áo
AT;yi;עסטרײַך
AT;zh;奥地利
AU;ca;Austràlia
AU;de;Australien
AU;en;Australia
AU;fr;Australie
AU;ja;オーストラリア
AU;ko;오스트레일리아
AU;ru;Австралия
AU;sv;Australien
AU;th;ออสเตรเลีย
AU;vi;Úc
AU;zh;澳大利亚
AW;en;Aruba
AW;ja;アルバ島
AW;ko;아루바
AW;ru;Аруба
AW;th;อารูบา
AW;zh;阿鲁巴
AX;de;Aaland-Inseln
AX;en;Åland Islands
AX;es;Islas Aland
AX;fr;Îles Åland
AX;it;Isole Aland
AX;ja;オーランド諸島
AX;ko;올란드 제도
AX;sv;Åland
AX;zh;奥兰群岛
AZ;ca;Azerbaidjan
AZ;de;Aserbaidschan
AZ;en;Azerbaijan
AZ;es;Azerbaiyán
AZ;fr;Azerbaïdjan
AZ;it;Azerbaigian
AZ;ja;アゼルバイジャン
AZ;ko;아제르바이잔
AZ;pl;Azerbejdżan
AZ;ru;Азербайджан
AZ;sv;Azerbadjan
AZ;th;อาเซอร์ไบจัน
AZ;vi;Ai-déc-bai-gian
AZ;zh;阿塞拜疆
BA;ca;Bòsnia i Hercegovina
BA;de;Bosnien und Herzegowina
BA;en;Bosnia and Herzegovina
BA;es;Bosnia y Hercegovina
BA;fr;Bosnie-Herzégovine
BA;it;Bosnia-Erzegovina
BA;ja;ボスニア・ヘルツェゴビナ
BA;ko;보스니아 헤르체고비나
BA;pl;Bośnia i Hercegowina
BA;ru;Босния и Герцеговина
BA;sv;Bosnien och Herzegovina
BA;th;บอสเนีย และ เฮิร์ซโกวิเนีย
BA;vi;Bô-xni-a Héc-xê-gô-vi-na
BA;zh;波斯尼亚和黑山共和国
BB;en;Barbados
BB;fr;Barbade
BB;ja;バルバドス
BB;ko;바베이도스
BB;ru;Барбадос
BB;th;บาร์บาดอส
BB;vi;Bác-ba-đốt
BB;zh;巴巴多斯
BD;ca;Bangla Desh
BD;de;Bangladesch
BD;en;Bangladesh
BD;ja;バングラデシュ
BD;ko;방글라데시
BD;pl;Bangladesz
BD;ru;Бангладеш
BD;th;บังคลาเทศ
BD;vi;Băng-la-đét
BD;zh;孟加拉
BE;ca;Bèlgica
BE;de;Belgien
BE;en;Belgium
BE;es;Bélgica
BE;fi;Belgia
BE;fr;Belgique
BE;it;Belgio
BE;ja;ベルギー
BE;ko;벨기에
BE;nl;België
BE;pl;Belgia
BE;ru;Бельгия
BE;sv;Belgien
BE;th;เบลเยี่ยม
BE;vi;Bỉ
BE;zh;比利时
BF;en;Burkina Faso
BF;ja;ブルキナファソ
BF;ko;부르키나파소
BF;ru;Буркина-Фасо
BF;th;เบอร์กินาฟาโซ
BF;vi;Buốc-ki-na Pha-xô
BF;zh;布基纳法索
BG;bg;България
BG;ca;Bulgària
BG;de;Bulgarien
BG;en;Bulgaria
BG;fr;Bulgarie
BG;ja;ブルガリア
BG;ko;불가리아
BG;pl;Bułgaria
BG;ru;Болгария
BG;sv;Bulgarien
BG;th;บัลแกเรีย
BG;vi;Bun-ga-ri
BG;zh;保加利亚
BH;ar;البحرين
BH;en;Bahrain
BH;es;Bahráin
BH;fr;Bahreïn
BH;ja;バーレーン
BH;ko;바레인
BH;pl;Bahrajn
BH;ru;Бахрейн
BH;th;บาห์เรน
BH;vi;Ba-ren
BH;zh;巴林
BI;en;Burundi
BI;ja;ブルンジ
BI;ko;부룬디
BI;ru;Бурунди
BI;th;บูรันดิ
BI;vi;Bu-run-đi
BI;zh;布隆迪
BJ;en;Benin
BJ;es;Benín
BJ;ja;ベニン
BJ;ko;베넹
BJ;ru;Бенин
BJ;th;เบนิน
BJ;vi;Bê-nanh
BJ;zh;贝宁
BM;ca;Bermudes
BM;en;Bermuda
BM;es;Bermudas
BM;fr;Bermudes
BM;ja;バーミューダ諸島
BM;ko;버뮤다
BM;pl;Bermudy
BM;ru;Бермудские острова
BM;th;เบอร์มิวด้า
BM;zh;百慕大
BN;en;Brunei
BN;es;Brunéi
BN;ja;ブルネイ
BN;ko;브루나이
BN;ru;Бруней
BN;th;บรูไน
BN;vi;Bru-nây
BN;zh;文莱
BO;ca;Bolívia
BO;de;Bolivien
BO;en;Bolivia
BO;fr;Bolivie
BO;ja;ボリビア
BO;ko;볼리비아
BO;pl;Boliwia
BO;ru;Боливия
BO;th;โบลิเวีย
BO;vi;Bô-li-vi-a
BO;zh;玻利维亚
BR;ca;Brasil
BR;de;Brasilien
BR;en;Brazil
BR;es;Brasil
BR;fi;Brasilia
BR;fr;Brésil
BR;it;Brasile
BR;ja;ブラジル
BR;ko;브라질
BR;pl;Brazylia
BR;pt;Brasil
BR;ru;Бразилия
BR;sv;Brasilien
BR;th;บราซิล
BR;vi;Bra-xin
BR;zh;巴西
BS;ca;Bahames
BS;en;Bahamas
BS;ja;バハマ
BS;ko;바하마
BS;pl;Bahamy
BS;ru;Багамские острова
BS;th;บาฮามาส
BS;vi;Ba-ha-ma
BS;zh;巴哈马
BT;en;Bhutan
BT;es;Bután
BT;fr;Bhoutan
BT;ja;ブータン
BT;ko;부탄
BT;ru;Бутан
BT;th;ภูฐาน
BT;zh;不丹
BV;de;Bouvet-Insel
BV;en;Bouvet Island
BV;es;Isla Bouvet
BV;fr;Île Bouvet
BV;it;Isola di Bouvet
BV;ja;ブーベ島
BV;ko;부베이 섬
BV;sv;Bouvetön
BV;zh;布韦岛
BW;de;Botsuana
BW;en;Botswana
BW;es;Botsuana
BW;ja;ボツワナ
BW;ko;보츠와나
BW;ru;Ботсвана
BW;th;บอตสวานา
BW;vi;Bốt-xoa-na
BW;zh;博茨瓦纳
BY;be;Беларусь
BY;ca;Bielorússia
BY;en;Belarus
BY;es;Bielorrusia
BY;fr;Biélo-Russie
BY;it;Bielorussia
BY;ja;ベラルーシ
BY;ko;벨라루스
BY;pl;Białoruś
BY;ru;Беларусь
BY;sv;Vitryssland
BY;th;เบลลารัส
BY;vi;Bê-la-rút
BY;zh;白俄罗斯
BZ;en;Belize
BZ;es;Belice
BZ;fr;Bélize
BZ;ja;ベリーズ
BZ;ko;벨리즈
BZ;ru;Белиз
BZ;th;เบลิซ
BZ;vi;Bê-li-xê
BZ;zh;伯里兹
CA;ca;Canadà
CA;de;Kanada
CA;en;Canada
CA;es;Canadá
CA;fi;Kanada
CA;ja;カナダ
CA;ko;캐나다
CA;pl;Kanada
CA;ru;Канада
CA;sv;Kanada
CA;th;แคนาดา
CA;vi;Ca-na-đa
CA;zh;加拿大
CC;de;Kokos-Inseln
CC;en;Cocos Islands
CC;es;Islas Cocos
CC;fr;Îles Cocos
CC;it;Isole Cocos
CC;ja;ココス諸島
CC;ko;코코스 군도
CC;sv;Cocosöarna
CC;zh;科库斯群岛
CD;de;Demokratische Republik Kongo
CD;en;The Democratic Republic Of Congo
CD;es;República Democrática del Congo
CD;fr;République démocratique du Congo
CD;it;Repubblica democratica del Congo
CD;ja;コンゴ民主共和国
CD;ko;콩고 민주 공화국
CD;sv;Demokratiska republiken Kongo
CD;zh;刚果民主共和国
CF;ca;República Centrafricana
CF;de;Zentralafrikanische Republik
CF;en;Central African Republic
CF;es;República Centroafricana
CF;fr;République Centre-Africaine
CF;it;Repubblica Centrafricana
CF;ja;中央アフリカ共和国
CF;ko;중앙 아프리카
CF;pl;Republika Środkowoafrykańska
CF;ru;Центральноафриканская Республика
CF;sv;Centralafrikanska republiken
CF;th;สาธารณรัฐแอฟริกากลาง
CF;vi;Cộng hòa Trung Phi
CF;zh;中非共和国
CG;de;Kongo
CG;en;Congo
CG;ja;コンゴ
CG;ko;콩고
CG;pl;Kongo
CG;ru;Конго
CG;sv;Kongo
CG;th;คองโก
CG;vi;Công-gô
CG;zh;刚果
CH;de;Schweiz
CH;en;Switzerland
CH;es;Suiza
CH;fi;Sveitsi
CH;fr;Suisse
CH;he;שוויץ
CH;it;Svizzera
CH;ja;スイス
CH;ko;스위스
CH;pl;Szwajcaria
CH;rm;Svizra
CH;ru;Швейцария
CH;sv;Schweiz
CH;th;สวิสเซอร์แลนด์
CH;vi;Thụy Sĩ
CH;yi;שװײץ
CH;zh;瑞士
CI;ca;Costa d'Ivori
CI;de;Elfenbeinküste
CI;en;Côte d'Ivoire
CI;es;Costa de Marfil
CI;it;Costa d'Avorio
CI;ja;コートジボアール
CI;ko;코트디부와르
CI;pl;Wybrzeże Kości Słoniowej
CI;ru;Кот-д'Ивуар
CI;sv;Elfenbenskusten
CI;th;ฝั่งทะเลไอวอริ
CI;vi;Bờ Biển Ngà
CI;zh;象牙海岸
CK;de;Cook-Inseln
CK;en;Cook Islands
CK;es;Islas Cook
CK;fr;Îles Cook
CK;it;Isole Cook
CK;ja;クック諸島
CK;ko;쿡 제도
CK;sv;Cooköarna
CK;zh;库克群岛
CL;ca;Xile
CL;en;Chile
CL;fr;Chili
CL;it;Cile
CL;ja;チリ
CL;ko;칠레
CL;ru;Чили
CL;th;ชิลี
CL;vi;Chi-lê
CL;zh;智利
CM;ca;Camerun
CM;de;Kamerun
CM;en;Cameroon
CM;es;Camerún
CM;fr;Cameroun
CM;it;Camerun
CM;ja;カメルーン
CM;ko;카메룬
CM;pl;Kamerun
CM;ru;Камерун
CM;sv;Kamerun
CM;th;คาเมรูน
CM;vi;Ca-mơ-run
CM;zh;喀麦隆
CN;ca;Xina
CN;en;China
CN;fi;Kiina
CN;fr;Chine
CN;it;Cina
CN;ja;中華人民共和国
CN;ko;중국
CN;pl;Chiny
CN;ru;Китай
CN;sv;Kina
CN;th;จีน
CN;vi;Trung Quốc
CN;zh;中国
CO;ca;Colòmbia
CO;de;Kolumbien
CO;en;Colombia
CO;fr;Colombie
CO;ja;コロンビア
CO;ko;콜롬비아
CO;pl;Kolumbia
CO;ru;Колумбия
CO;th;โคลัมเบีย
CO;vi;Cô-lôm-bi-a
CO;zh;哥伦比亚
CR;en;Costa Rica
CR;ja;コスタリカ
CR;ko;코스타리카
CR;pl;Kostaryka
CR;ru;Коста-Рика
CR;th;คอสตาริก้า
CR;vi;Cốt-xta Ri-ca
CR;zh;哥斯达黎加
CS;de;Serbien und Montenegro
CS;en;Serbia and Montenegro
CS;es;Serbia y Montenegro
CS;fr;Serbie et Monténégro
CS;it;Serbia e Montenegro
CS;ja;セルビア・モンテネグロ
CS;ko;세르비아 몬테네그로(유고슬라비아)
CS;sv;Serbien och Montenegro
CS;zh;塞尔维亚及黑山
CU;de;Kuba
CU;en;Cuba
CU;ja;キューバ
CU;ko;쿠바
CU;pl;Kuba
CU;ru;Куба
CU;sv;Kuba
CU;th;คิวบา
CU;vi;Cu Ba
CU;zh;古巴
CV;ca;Cap Verd
CV;de;Kap Verde
CV;en;Cape Verde
CV;es;Cabo Verde
CV;fr;Cap Vert
CV;it;Capo Verde
CV;ja;カーボベルデ
CV;ko;까뽀베르데
CV;pl;Republika Zielonego Przylądka
CV;ru;Зеленый Мыс
CV;sv;Kap Verde
CV;th;เคพเวอร์ด
CV;vi;Cáp-ve
CV;zh;佛得角
CX;de;Weihnachtsinsel
CX;en;Christmas Island
CX;es;Isla Christmas
CX;fr;Île Christmas
CX;it;Isola di Natale
CX;ja;クリスマス島
CX;ko;크리스마스 섬
CX;sv;Julön
CX;zh;圣诞岛
CY;ca;Xipre
CY;de;Zypern
CY;en;Cyprus
CY;es;Chipre
CY;fr;Chypre
CY;it;Cipro
CY;ja;キプロス
CY;ko;사이프러스
CY;pl;Cypr
CY;ru;Кипр
CY;sv;Cypern
CY;th;ไซปรัส
CY;vi;Síp
CY;zh;塞浦路斯
CZ;ca;República Txeca
CZ;cs;Česká republika
CZ;de;Tschechische Republik
CZ;en;Czech Republic
CZ;es;Chequia
CZ;fi;Tsekin tasavalta
CZ;fr;République Tchèque
CZ;it;Repubblica Ceca
CZ;ja;チェコ
CZ;ko;체코
CZ;pl;Republika Czeska
CZ;ru;Чехия
CZ;sv;Tjeckiska republiken
CZ;th;สาธารณรัฐเช็ค
CZ;vi;Cộng hòa Séc
CZ;zh;捷克共和国
DE;ca;Alemanya
DE;de;Deutschland
DE;en;Germany
DE;es;Alemania
DE;fi;Saksa
DE;fr;Allemagne
DE;he;גרמניה
DE;hi;जर�?मनी
DE;it;Germania
DE;ja;ドイツ
DE;ko;독일
DE;pl;Niemcy
DE;ru;Германия
DE;sv;Tyskland
DE;th;เยอรมนี
DE;vi;Đức
DE;yi;דײַטשל�?ַנד
DE;zh;德国
DJ;de;Dschibuti
DJ;en;Djibouti
DJ;es;Yibuti
DJ;it;Gibuti
DJ;ja;ジブチ
DJ;ko;지부티
DJ;pl;Dżibuti
DJ;ru;Джибути
DJ;th;ดิโบติ
DJ;vi;Gi-bu-ti
DJ;zh;吉布提
DK;ca;Dinamarca
DK;da;Danmark
DK;de;Dänemark
DK;en;Denmark
DK;es;Dinamarca
DK;fi;Danska
DK;fr;Danemark
DK;it;Danimarca
DK;ja;デンマーク
DK;ko;덴마크
DK;pl;Dania
DK;ru;Дания
DK;sv;Danmark
DK;th;เดนมาร์ก
DK;vi;Đan Mạch
DK;zh;丹麦
DM;en;Dominica
DM;fr;Dominique
DM;ja;ドミニカ国
DM;ko;도미니카
DM;pl;Dominika
DM;ru;Доминика
DM;th;โดมินิก้า
DM;zh;多米尼加联邦
DO;ca;República Dominicana
DO;de;Dominikanische Republik
DO;en;Dominican Republic
DO;es;República Dominicana
DO;fr;République Dominicaine
DO;it;Repubblica Dominicana
DO;ja;ドミニカ共和国
DO;ko;도미니카 공화국
DO;pl;Republika Dominikany
DO;ru;Доминиканская Республика
DO;sv;Dominikanska republiken
DO;th;สาธารณรัฐโดมินิกัน
DO;zh;多米尼加共和国
DZ;ar;الجزائر
DZ;ca;Algèria
DZ;de;Algerien
DZ;en;Algeria
DZ;es;Argelia
DZ;fr;Algérie
DZ;ja;アルジェリア
DZ;ko;알제리
DZ;ru;Алжир
DZ;sv;Algeriet
DZ;th;แอลจีเรีย
DZ;vi;An-giê-ri
DZ;zh;阿尔及利亚
EC;ca;Equador
EC;en;Ecuador
EC;fr;Equateur
EC;ja;エクアドル
EC;ko;에쿠아도르
EC;pl;Ekwador
EC;ru;Эквадор
EC;th;เอกวาดอร์
EC;vi;Ê-cu-a-đo
EC;zh;厄瓜多尔
EE;ca;Estònia
EE;de;Estland
EE;en;Estonia
EE;et;Eesti
EE;fr;Estonie
EE;ja;エストニア
EE;ko;에스토니아
EE;ru;Эстония
EE;sv;Estland
EE;th;เอสโตเนีย
EE;vi;E-xtô-ni-a
EE;zh;爱沙尼亚
EG;ar;مصر
EG;ca;Egipte
EG;de;Ägypten
EG;en;Egypt
EG;es;Egipto
EG;fr;Egypte
EG;it;Egitto
EG;ja;エジプト
EG;ko;이집트
EG;pl;Egipt
EG;ru;Египт
EG;sv;Egypten
EG;th;อียิปต์
EG;vi;Ai Cập
EG;zh;埃及
EH;ca;Sàhara Occidental
EH;de;Westsahara
EH;en;Western Sahara
EH;es;Sahara Occidental
EH;fr;Sahara Occidental
EH;it;Sahara Occidentale
EH;ja;西サハラ
EH;ko;서사하라
EH;pl;Sahara Zachodnia
EH;ru;Западная Сахара
EH;sv;Västra Sahara
EH;th;ซาฮาร่าตะวันตก
EH;vi;Tây Sahara
EH;zh;西撒哈拉
ER;en;Eritrea
ER;fr;Erythrée
ER;ja;エリトリア
ER;ko;에리트리아
ER;pl;Erytrea
ER;ru;Эритрея
ER;th;อิริทรี
ER;vi;Ê-ri-tơ-rê-a
ER;zh;厄里特尼亚
ES;ca;Espanya
ES;de;Spanien
ES;en;Spain
ES;es;España
ES;fi;Espanja
ES;fr;Espagne
ES;it;Spagna
ES;ja;スペイン
ES;ko;스페인
ES;pl;Hiszpania
ES;ru;Испания
ES;sv;Spanien
ES;th;สเปน
ES;vi;Tây Ban Nha
ES;zh;西班牙
ET;ca;Etiòpia
ET;de;Äthiopien
ET;en;Ethiopia
ET;es;Etiopía
ET;fr;Ethiopie
ET;it;Etiopia
ET;ja;エチオピア
ET;ko;이디오피아
ET;pl;Etiopia
ET;ru;Эфиопия
ET;sv;Etiopien
ET;th;เอธิโอเปีย
ET;vi;Ê-ti-ô-pi-a
ET;zh;埃塞俄比亚
FI;ca;Finlàndia
FI;de;Finnland
FI;en;Finland
FI;es;Finlandia
FI;fi;Suomi
FI;fr;Finlande
FI;it;Finlandia
FI;ja;フィンランド
FI;ko;핀란드
FI;pl;Finlandia
FI;ru;Финляндия
FI;th;ฟินแลนด์
FI;vi;Phần Lan
FI;zh;芬兰
FJ;de;Fidschi
FJ;en;Fiji
FJ;es;Fiyi
FJ;fr;Fidji
FJ;it;Figi
FJ;ja;フィジー
FJ;ko;피지
FJ;pl;Fidżi
FJ;ru;Фиджи
FJ;th;ฟิจิ
FJ;vi;Phi-gi
FJ;zh;斐济
FK;de;Falkland-Inseln
FK;en;Falkland Islands
FK;es;Islas Malvinas
FK;fr;Îles Malouines
FK;it;Isole Falkland
FK;ja;フォークランド諸島
FK;ko;포클랜드 제도
FK;sv;Falklandsöarna
FK;zh;富克兰群岛
FL;de;Liechtenstein
FM;ca;Micronèsia
FM;de;Mikronesien
FM;en;Micronesia
FM;fr;Micronésie
FM;ja;ミクロネシア
FM;ko;마이크로네시아
FM;pl;Mikronezja
FM;ru;Микронезия
FM;sv;Mikronesien
FM;th;ไมโครนิเซีย
FM;vi;Mi-crô-nê-xi-a
FM;zh;密克罗尼西亚
FO;de;Färöer-Inseln
FO;en;Faroe Islands
FO;es;Islas Feroe
FO;fr;Îles Féroé
FO;it;Isole Færoer
FO;ja;フェロー諸島
FO;ko;페로 제도
FO;sv;Färöarna
FO;zh;法罗群岛
FR;ca;França
FR;de;Frankreich
FR;en;France
FR;es;Francia
FR;fi;Franska
FR;it;Francia
FR;ja;フランス
FR;ko;프랑스
FR;pl;Francja
FR;ru;Франция
FR;sv;Frankrike
FR;th;ฝรั่งเศส
FR;vi;Pháp
FR;zh;法国
GA;de;Gabun
GA;en;Gabon
GA;es;Gabón
GA;ja;ガボン
GA;ko;가봉
GA;ru;Габон
GA;th;กาบอน
GA;vi;Ga-bông
GA;zh;加蓬
GB;ca;Regne Unit
GB;de;Vereinigtes Königreich
GB;en;United Kingdom
GB;es;Reino Unido
GB;fi;Iso-Britannia
GB;fr;Royaume-Uni
GB;it;Regno Unito
GB;ja;イギリス
GB;ko;영국
GB;pl;Wielka Brytania
GB;ru;Соединенное Королевство
GB;sv;Storbritannien
GB;th;สหราชอาณาจักร
GB;vi;Vương quốc Anh
GB;zh;英国
GD;en;Grenada
GD;es;Granada
GD;fr;Grenade
GD;ja;グレナダ
GD;ko;그레나다
GD;vi;Grê-na-đa
GD;zh;格林纳达
GE;ca;Geòrgia
GE;de;Georgien
GE;en;Georgia
GE;fr;Géorgie
GE;ja;グルジア
GE;ko;그루지야
GE;pl;Gruzja
GE;ru;Грузия
GE;sv;Georgien
GE;th;จอร์เจีย
GE;vi;Gru-di-a
GE;zh;格鲁吉亚
GF;ca;Guaiana Francesa
GF;de;Französisch-Guayana
GF;en;French Guiana
GF;es;Guayana Francesa
GF;fr;Guinée Française
GF;it;Guayana Francese
GF;ja;仏領ギアナ
GF;ko;프랑스령 기아나
GF;pl;Gujana Francuska
GF;ru;Французская Гвинея
GF;sv;Franska Guyana
GF;th;เฟร็นชกิวน่า
GF;zh;法属圭亚那
GH;en;Ghana
GH;ja;ガーナ
GH;ko;가나
GH;ru;Гана
GH;th;กาน่า
GH;vi;Gha-na
GH;zh;加纳
GI;en;Gibraltar
GI;it;Gibilterra
GI;ja;ジブラルタル
GI;ko;지브롤터
GI;zh;直布罗陀
GL;de;Grönland
GL;en;Greenland
GL;es;Groenlandia
GL;fr;Groenland
GL;it;Groenlandia
GL;ja;グリーンランド
GL;ko;그린랜드
GL;sv;Grönland
GL;zh;格陵兰
GM;ca;Gàmbia
GM;en;Gambia
GM;fr;Gambie
GM;ja;ガンビア
GM;ko;감비아
GM;ru;Гамбия
GM;th;แกมเบีย
GM;vi;Găm-bi-a
GM;zh;冈比亚
GN;en;Guinea
GN;fr;Guinée
GN;ja;ギニア
GN;ko;기니
GN;pl;Gwinea
GN;ru;Гвинея
GN;th;กิวนี
GN;vi;Ghi-nê
GN;zh;几内亚
GP;en;Guadeloupe
GP;es;Guadalupe
GP;it;Guadalupa
GP;ja;グアドループ
GP;ko;과달로프
GP;pl;Gwadelupa
GP;ru;Гваделупа
GP;th;กัวเดอลูป
GP;zh;瓜德罗普岛
GQ;ca;Guinea Equatorial
GQ;de;Äquatorial-Guinea
GQ;en;Equatorial Guinea
GQ;es;Guinea Ecuatorial
GQ;fr;Guinée Equatoriale
GQ;it;Guinea Equatoriale
GQ;ja;赤道ギニア
GQ;ko;적도 기니
GQ;pl;Gwinea Równikowa
GQ;ru;Экваториальная Гвинея
GQ;sv;Ekvatorialguinea
GQ;th;เอควาโทเรียลกินี
GQ;vi;Ghi-nê Xích-đạo
GQ;zh;赤道几内亚
GR;ca;Grècia
GR;de;Griechenland
GR;el;Ελλάδα
GR;en;Greece
GR;es;Grecia
GR;fi;Kreikka
GR;fr;Grèce
GR;it;Grecia
GR;ja;ギリシア
GR;ko;그리스
GR;pl;Grecja
GR;ru;Греция
GR;sv;Grekland
GR;th;กรีซ
GR;vi;Hy Lạp
GR;zh;希腊
GS;de;Süd-Georgia und die südlichen Sandwich-Inseln
GS;en;South Georgia And The South Sandwich Islands
GS;es;Islas Georgia del Sur y Sandwich del Sur
GS;fr;Géorgie du Sud et îles Sandwich du Sud
GS;it;Georgia del sud e isole Sandwich meridionali
GS;ja;サウスジョージア島・サウスサンドウィッチ島
GS;ko;사우스 조지아 및 사우스 샌드위치 제도
GS;sv;Sydgeorgien och Sydsandwichöarna
GS;zh;南乔治亚岛和南桑德韦奇岛
GT;en;Guatemala
GT;ja;グアテマラ
GT;ko;과테말라
GT;pl;Gwatemala
GT;ru;Гватемала
GT;th;กัวเตมาลา
GT;vi;Goa-tê-ma-la
GT;zh;危地马拉
GU;en;Guam
GU;ja;グアム
GU;ko;괌
GU;zh;关岛
GW;ca;Guinea Bissau
GW;en;Guinea-Bissau
GW;fr;Guinée-Bissau
GW;it;Guinea Bissau
GW;ja;ギニアビサウ
GW;ko;기네비쏘
GW;pl;Gwinea Bissau
GW;ru;Гвинея-Бисау
GW;th;กิวนี-บิสโซ
GW;vi;Ghi-nê Bít-xao
GW;zh;几内亚比绍共和国
GY;en;Guyana
GY;fr;Guyane
GY;ja;ガイアナ
GY;ko;가이아나
GY;pl;Gujana
GY;ru;Гайана
GY;th;กูยาน่า
GY;vi;Guy-a-na
GY;zh;圭亚那
HK;de;Hongkong
HK;en;Hong Kong
HK;fr;Hong-Kong
HK;ja;香港
HK;ko;홍콩
HK;ru;Гонконг
HK;sv;Hongkong
HK;th;ฮ่องกง
HK;zh;香港
HM;de;Heard- und McDonald-Inseln
HM;en;Heard Island And McDonald Islands
HM;es;Islas Heard y McDonald
HM;fr;Île Heard et îles McDonald
HM;it;Isole Heard e McDonald
HM;ja;ハード・マクドナルド諸島
HM;ko;허드 섬 및 맥도널드 제도
HM;sv;Heardöch McDonaldöarna
HM;zh;赫德和麦克唐纳群岛
HN;ca;Hondures
HN;en;Honduras
HN;ja;ホンジュラス
HN;ko;온두라스
HN;ru;Гондурас
HN;th;ฮอนดูรัส
HN;vi;Hôn-đu-rát
HN;zh;洪都拉斯
HR;ca;Croàcia
HR;de;Kroatien
HR;en;Croatia
HR;es;Croacia
HR;fr;Croatie
HR;hr;Hrvatska
HR;it;Croazia
HR;ja;クロアチア
HR;ko;크로아티아
HR;pl;Chorwacja
HR;ru;Хорватия
HR;sv;Kroatien
HR;th;โครเอเชีย
HR;vi;Crô-a-ti-a
HR;zh;克罗地亚
HT;ca;Haití
HT;en;Haiti
HT;es;Haití
HT;fr;Haïti
HT;ja;ハイチ
HT;ko;하이티
HT;ru;Гаити
HT;th;ไฮตี
HT;vi;Ha-i-ti
HT;zh;海地
HU;ca;Hongria
HU;de;Ungarn
HU;en;Hungary
HU;es;Hungría
HU;fr;Hongrie
HU;hu;Magyarország
HU;it;Ungheria
HU;ja;ハンガリー
HU;ko;헝가리
HU;pl;Węgry
HU;ru;Венгрия
HU;sv;Ungern
HU;th;ฮังการี
HU;vi;Hung-ga-ri
HU;zh;匈牙利
ID;ca;Indonèsia
ID;de;Indonesien
ID;en;Indonesia
ID;fr;Indonésie
ID;ja;インドネシア
ID;ko;인도네시아
ID;pl;Indonezja
ID;ru;Индонезия
ID;sv;Indonesien
ID;th;อินโดนีเซีย
ID;vi;Nam Dương
ID;zh;印度尼西亚
IE;ca;Irlanda
IE;de;Irland
IE;en;Ireland
IE;es;Irlanda
IE;fi;Irlanti
IE;fr;Irlande
IE;it;Irlanda
IE;ja;アイルランド
IE;ko;아일랜드
IE;pl;Irlandia
IE;ru;Ирландия
IE;sv;Irland
IE;th;ไอร์แลนด์
IE;vi;Ai-len
IE;zh;爱尔兰
IL;en;Israel
IL;fr;Israël
IL;he;ישראל
IL;it;Israele
IL;iw;ישראל
IL;ja;イスラエル
IL;ko;이스라엘
IL;pl;Izrael
IL;ru;Израиль
IL;th;อิสราเอล
IL;vi;I-xra-en
IL;zh;以色列
IN;ca;Índia
IN;de;Indien
IN;en;India
IN;fr;Inde
IN;hi;भारत
IN;ja;インド
IN;ko;인도
IN;pl;Indie
IN;ru;Индия
IN;sv;Indien
IN;th;อินเดีย
IN;vi;Ấn Độ
IN;zh;印度
IO;de;Britische Territorien im Indischen Ozean
IO;en;British Indian Ocean Territory
IO;es;Territorio Británico del Océano Índico
IO;fr;Territoires britanniques de l'Océan Indien
IO;it;Territorio britannico dell'Oceano Indiano
IO;ja;英領インド洋地域
IO;ko;영인도 제도
IO;sv;Brittiska territoriet i Indiska Oceanen
IO;zh;英属印度洋领地
IQ;ar;العراق
IQ;de;Irak
IQ;en;Iraq
IQ;fr;Irak
IQ;ja;イラク
IQ;ko;이라크
IQ;pl;Irak
IQ;ru;Ирак
IQ;sv;Irak
IQ;th;อิรัก
IQ;vi;I-rắc
IQ;zh;伊拉克
IR;en;Iran
IR;es;Irán
IR;ja;イラン
IR;ko;이란
IR;ru;Иран
IR;th;อิหร่าน
IR;vi;I-ran
IR;zh;伊朗
IS;ca;Islàndia
IS;de;Island
IS;en;Iceland
IS;es;Islandia
IS;fr;Islande
IS;is;Ísland
IS;it;Islanda
IS;ja;アイスランド
IS;ko;아이슬란드
IS;pl;Islandia
IS;ru;Исландия
IS;sv;Island
IS;th;ไอซแลนด์
IS;vi;Ai-xơ-len
IS;zh;冰岛
IT;ca;Itàlia
IT;de;Italien
IT;en;Italy
IT;es;Italia
IT;fi;Italia
IT;fr;Italie
IT;it;Italia
IT;ja;イタリア
IT;ko;이탈리아
IT;pl;Włochy
IT;ru;Италия
IT;sv;Italien
IT;th;อิตาลี
IT;vi;Ý
IT;zh;意大利
JM;de;Jamaika
JM;en;Jamaica
JM;fr;Jamaïque
JM;it;Giamaica
JM;ja;ジャマイカ
JM;ko;자메이카
JM;pl;Jamajka
JM;ru;Ямайка
JM;th;จาไมก้า
JM;vi;Ha-mai-ca
JM;zh;牙买加
JO;ar;الأردن
JO;ca;Jordània
JO;de;Jordanien
JO;en;Jordan
JO;es;Jordania
JO;fr;Jordanie
JO;it;Giordania
JO;ja;ヨルダン
JO;ko;요르단
JO;ru;Иордания
JO;sv;Jordanien
JO;th;จอร์แดน
JO;vi;Gióc-đa-ni
JO;zh;约旦
JP;ca;Japó
JP;en;Japan
JP;es;Japón
JP;fi;Japani
JP;fr;Japon
JP;it;Giappone
JP;ja;日本
JP;ko;일본
JP;pl;Japonia
JP;ru;Япония
JP;th;ญี่ปุ่น
JP;vi;Nhật Bản
JP;zh;日本
KE;de;Kenia
KE;en;Kenya
KE;es;Kenia
KE;ja;ケニア
KE;ko;케냐
KE;pl;Kenia
KE;ru;Кения
KE;th;เคนย่า
KE;vi;Kê-ni-a
KE;zh;肯尼亚
KG;ca;Kirgizistan
KG;de;Kirgistan
KG;en;Kyrgyzstan
KG;es;Kirguizistán
KG;it;Kirghizistan
KG;ja;キルギスタン
KG;ko;키르기스스탄
KG;pl;Kirgistan
KG;ru;Киргизстан
KG;sv;Kirgisistan
KG;th;เคอร์กิสถาน
KG;vi;Cư-rơ-gư-xtan
KG;zh;吉尔吉克斯坦
KH;ca;Cambodja
KH;de;Kambodscha
KH;en;Cambodia
KH;es;Camboya
KH;fr;Cambodge
KH;it;Cambogia
KH;ja;カンボジア
KH;ko;캄보디아
KH;pl;Kambodża
KH;ru;Камбоджа
KH;sv;Kambodja
KH;th;กัมพูชา
KH;vi;Campuchia
KH;zh;柬埔寨
KI;en;Kiribati
KI;ja;キリバス
KI;ko;키리바시
KI;ru;Кирибати
KI;th;คิรีบาติ
KI;vi;Ki-ri-ba-ti
KI;zh;基里巴斯
KM;ca;Comores
KM;de;Komoren
KM;en;Comoros
KM;es;Comores
KM;fr;Comores
KM;it;Comore
KM;ja;コモロ
KM;ko;코모르
KM;pl;Komory
KM;ru;Коморос
KM;sv;Komorerna
KM;th;โคโมรอส
KM;vi;Cô-mô
KM;zh;科摩罗
KN;de;Saint Kitts und Nevis
KN;en;Saint Kitts And Nevis
KN;es;San Cristóbal y Nieves
KN;fr;Saint-Christophe-et-Niévès
KN;it;Saint Kitts e Nevis
KN;ja;セントクリストファー・ネイビス
KN;ko;세인트 크리스토퍼 니비스
KN;sv;Saint Kitts och Nevis
KN;vi;Xan-kít và Nê-vi
KN;zh;圣基茨和尼维斯
KP;ca;Corea del Nord
KP;de;Nordkorea
KP;en;North Korea
KP;es;Corea del Norte
KP;fr;Corée du Nord
KP;it;Corea del Nord
KP;ja;朝鮮民主主義人民共和国
KP;ko;북한
KP;pl;Korea Północna
KP;ru;Северная Корея
KP;sv;Nordkorea
KP;th;เกาหลีเหนือ
KP;vi;Bắc Triều Tiên
KP;zh;北朝鲜
KR;ca;Corea del Sud
KR;de;Südkorea
KR;en;South Korea
KR;es;Corea del Sur
KR;fi;Korea
KR;fr;Corée du Sud
KR;it;Corea del Sud
KR;ja;大韓民国
KR;ko;대한민국
KR;pl;Korea Południowa
KR;ru;Южная Корея
KR;sv;Sydkorea
KR;th;เกาหลีใต้
KR;vi;Hàn Quốc
KR;zh;南朝鲜
KW;ar;الكويت
KW;en;Kuwait
KW;fr;Koweit
KW;ja;クウェート
KW;ko;쿠웨이트
KW;pl;Kuwejt
KW;ru;Кувейт
KW;th;คูเวต
KW;vi;Cô-oét
KW;zh;科威特
KY;de;Kaiman-Inseln
KY;en;Cayman Islands
KY;es;Islas Caimán
KY;fr;Îles Caïmans
KY;it;Isole Cayman
KY;ja;ケイマン諸島
KY;ko;케이맨 제도
KY;sv;Caymanöarna
KY;zh;开曼群岛
KZ;de;Kasachstan
KZ;en;Kazakhstan
KZ;es;Kazajstán
KZ;ja;カザフスタン
KZ;ko;카자흐스탄
KZ;pl;Kazachstan
KZ;ru;Казахстан
KZ;sv;Kazakstan
KZ;th;คาซัคสถาน
KZ;vi;Ka-dắc-xtan
KZ;zh;哈萨克斯坦
LA;en;Laos
LA;ja;ラオス
LA;ko;라오스
LA;ru;Лаос
LA;th;ลาว
LA;vi;Lào
LA;zh;老挝
LB;ar;لبنان
LB;ca;Líban
LB;de;Libanon
LB;en;Lebanon
LB;es;Líbano
LB;fr;Liban
LB;it;Libano
LB;ja;レバノン
LB;ko;레바논
LB;pl;Liban
LB;ru;Ливан
LB;sv;Libanon
LB;th;เลบานอน
LB;vi;Li-băng
LB;zh;黎巴嫩
LC;de;St. Lucia
LC;en;Saint Lucia
LC;es;Santa Lucia
LC;fr;Sainte-Lucie
LC;it;Sainte Lucia
LC;ja;セントルシア
LC;ko;세인트 루시아
LC;vi;Xan Lu-xi
LC;zh;圣卢西亚
LI;en;Liechtenstein
LI;ja;リヒテンシュタイン
LI;ko;리히텐슈타인
LI;ru;Лихтенштейн
LI;th;ไลเทนสไตน์
LI;vi;Lich-ten-xtên
LI;zh;列支敦士登
LK;en;Sri Lanka
LK;ja;スリランカ
LK;ko;스리랑카
LK;ru;Шри-Ланка
LK;th;ศรีลังกา
LK;vi;Xri Lan-ca
LK;zh;斯里兰卡
LR;ca;Libèria
LR;en;Liberia
LR;ja;リベリア
LR;ko;라이베리아
LR;ru;Либерия
LR;th;ลิเบอร์เลีย
LR;vi;Li-bê-ri-a
LR;zh;利比里亚
LS;en;Lesotho
LS;es;Lesoto
LS;ja;レソト
LS;ko;레소토
LS;pl;Lesoto
LS;ru;Лесото
LS;th;เลโซโท
LS;vi;Lê-xô-thô
LS;zh;莱索托
LT;ca;Lituània
LT;de;Litauen
LT;en;Lithuania
LT;es;Lituania
LT;fr;Lithuanie
LT;it;Lituania
LT;ja;リトアニア
LT;ko;리투아니아
LT;lt;Lietuva
LT;pl;Litwa
LT;ru;Литва
LT;sv;Litauen
LT;th;ลิเทอร์เนีย
LT;vi;Li-tu-a-ni-a
LT;zh;立陶宛
LU;ca;Luxemburg
LU;de;Luxemburg
LU;en;Luxembourg
LU;es;Luxemburgo
LU;it;Lussemburgo
LU;ja;ルクセンブルク
LU;ko;룩셈부르크
LU;pl;Luksemburg
LU;ru;Люксембург
LU;sv;Luxemburg
LU;th;ลักซ์เซมเบอร์ก
LU;vi;Lúc-xăm-bua
LU;zh;卢森堡
LV;ca;Letònia
LV;de;Lettland
LV;en;Latvia
LV;es;Letonia
LV;fr;Lettonie
LV;it;Lettonia
LV;ja;ラトビア
LV;ko;라트비아
LV;lv;Latvija
LV;pl;Łotwa
LV;ru;Латвия
LV;sv;Lettland
LV;th;ลาตเวีย
LV;vi;Lát-vi-a
LV;zh;拉脱维亚
LY;ar;ليبيا
LY;ca;Líbia
LY;de;Libyen
LY;en;Libya
LY;es;Libia
LY;fr;Libye
LY;it;Libia
LY;ja;リビア
LY;ko;리비아
LY;pl;Libia
LY;ru;Ливия
LY;sv;Libyen
LY;th;ลิเบีย
LY;vi;Li-bi
LY;zh;利比亚
MA;ar;المغرب
MA;ca;Marroc
MA;de;Marokko
MA;en;Morocco
MA;es;Marruecos
MA;fr;Maroc
MA;it;Marocco
MA;ja;モロッコ
MA;ko;모로코
MA;pl;Maroko
MA;ru;Марокко
MA;sv;Marocko
MA;th;โมรอคโค
MA;vi;Ma-rốc
MA;zh;摩洛哥
MC;ca;Mònaco
MC;en;Monaco
MC;es;Mónaco
MC;ja;モナコ
MC;ko;모나코
MC;pl;Monako
MC;ru;Монако
MC;th;โมนาโค
MC;vi;Mô-na-cô
MC;zh;摩纳哥
MD;ca;Moldàvia
MD;de;Moldau
MD;en;Moldova
MD;es;Moldavia
MD;fr;Moldavie
MD;it;Moldavia
MD;ja;モルドバ
MD;ko;몰도바
MD;pl;Mołdawia
MD;ru;Молдова
MD;sv;Moldavien
MD;th;โมลโดวา
MD;vi;Môn-đô-va
MD;zh;摩尔多瓦
MG;de;Madagaskar
MG;en;Madagascar
MG;ja;マダガスカル
MG;ko;마다가스카르
MG;pl;Madagaskar
MG;ru;Мадагаскар
MG;sv;Madagaskar
MG;th;มาดากาสก้า
MG;vi;Ma-đa-gát-xca
MG;zh;马达加斯加
MH;de;Marshall-Inseln
MH;en;Marshall Islands
MH;es;Islas Marshall
MH;fr;Îles Marshall
MH;it;Isole Marshall
MH;ja;マーシャル諸島
MH;ko;마셜 제도
MH;sv;Marshallöarna
MH;vi;Quần đảo Mác-san
MH;zh;马绍尔群岛
MK;ca;Macedònia
MK;de;Mazedonien
MK;en;Macedonia
MK;fr;Macédoine
MK;ja;マケドニア
MK;ko;마케도니아어
MK;mk;Македонија
MK;ru;Македония
MK;sv;Makedonien
MK;th;แมซีโดเนีย
MK;vi;Ma-xê-đô-ni-a
MK;zh;马其顿王国
ML;en;Mali
ML;es;Malí
ML;ja;マリ
ML;ko;말리
ML;ru;Мали
ML;th;มาลี
ML;vi;Ma-li
ML;zh;马里
MM;en;Myanmar
MM;ja;ミャンマー
MM;ko;미얀마
MM;ru;Мьянма
MM;th;สหภาพพม่า
MM;vi;Mi-an-ma
MM;zh;缅甸
MN;ca;Mongòlia
MN;de;Mongolei
MN;en;Mongolia
MN;fr;Mongolie
MN;ja;モンゴル
MN;ko;몽골
MN;ru;Монголия
MN;sv;Mongoliet
MN;th;มองโกเลีย
MN;vi;Mông Cổ
MN;zh;蒙古
MO;en;Macao
MO;ja;マカオ
MO;ko;마카오
MO;zh;澳门特区
MP;de;Nördliche Mariannen-Inseln
MP;en;Northern Mariana Islands
MP;es;Islas Marianas del Norte
MP;fr;Îles Mariannes du Nord
MP;it;Isole Marianne settentrionali
MP;ja;北マリアナ諸島
MP;ko;북마리아나 제도
MP;sv;Nordmarianerna
MP;zh;美属北马里亚纳群岛
MQ;ca;Martinica
MQ;en;Martinique
MQ;es;Martinica
MQ;it;Martinica
MQ;ja;マルティニーク島
MQ;ko;말티니크
MQ;pl;Martynika
MQ;ru;Мартиника
MQ;th;มาร์ตินิก
MQ;zh;马提尼克岛
MR;ca;Mauritània
MR;de;Mauretanien
MR;en;Mauritania
MR;fr;Mauritanie
MR;ja;モーリタニア
MR;ko;모리타니
MR;pl;Mauretania
MR;ru;Мавритания
MR;sv;Mauretanien
MR;th;มอริทาเนีย
MR;vi;Mô-ri-ta-ni
MR;zh;毛里塔尼亚
MS;en;Montserrat
MS;ja;モントセラト島
MS;ko;몬트세라트
MS;ru;Монтсерат
MS;th;มอนต์เซอราต
MS;zh;蒙特塞拉群岛
MT;en;Malta
MT;fr;Malte
MT;ja;マルタ
MT;ko;몰타
MT;ru;Мальта
MT;th;มัลต้า
MT;vi;Man-ta
MT;zh;马耳他
MU;ca;Maurici
MU;en;Mauritius
MU;es;Mauricio
MU;fr;Maurice
MU;it;Maurizio
MU;ja;モーリシャス
MU;ko;모리셔스
MU;ru;Маврикий
MU;th;มอริเตียส
MU;vi;Mô-ri-xơ
MU;zh;毛里求斯
MV;de;Maldiven
MV;en;Maldives
MV;es;Maldivas
MV;it;Maldive
MV;ja;モルディブ
MV;ko;몰디브
MV;sv;Maldiverna
MV;vi;Man-đi-vơ
MV;zh;马尔代夫
MW;en;Malawi
MW;es;Malaui
MW;ja;マラウイ
MW;ko;말라위
MW;vi;Ma-la-uy
MW;zh;马拉维
MX;ca;Mèxic
MX;de;Mexiko
MX;en;Mexico
MX;es;México
MX;fr;Mexique
MX;it;Messico
MX;ja;メキシコ
MX;ko;멕시코
MX;pl;Meksyk
MX;ru;Мексика
MX;sv;Mexiko
MX;th;แม็กซิโก
MX;vi;Mê-hi-cô
MX;zh;墨西哥
MY;ca;Malàisia
MY;en;Malaysia
MY;es;Malasia
MY;fr;Malaisie
MY;ja;マレーシア
MY;ko;말레이지아
MY;pl;Malezja
MY;ru;Малайзия
MY;th;มาเลเซีย
MY;vi;Ma-lay-xi-a
MY;zh;马来西亚
MZ;ca;Moçambic
MZ;de;Mosambik
MZ;en;Mozambique
MZ;it;Mozambico
MZ;ja;モザンビーク
MZ;ko;모잠비크
MZ;pl;Mozambik
MZ;ru;Мозамбик
MZ;sv;Moçambique
MZ;th;โมแซมบิค
MZ;vi;Mô-dăm-bích
MZ;zh;莫桑比克
NA;ca;Namíbia
NA;en;Namibia
NA;fr;Namibie
NA;ja;ナミビア
NA;ko;나미비아
NA;ru;Намибия
NA;th;นามิเบีย
NA;vi;Nam-mi-bi-a
NA;zh;纳米比亚
NC;ca;Nova Caledònia
NC;de;Neukaledonien
NC;en;New Caledonia
NC;es;Nueva Caledonia
NC;fr;Nouvelle-Calédonie
NC;it;Nuova Caledonia
NC;ja;ニューカレドニア
NC;ko;뉴 칼레도니아
NC;pl;Nowa Kaledonia
NC;ru;Новая Каледония
NC;sv;Nya Kaledonien
NC;th;นิวคาลิโดเนีย
NC;zh;新克里多尼亚群岛
NE;ca;Níger
NE;en;Niger
NE;es;Níger
NE;ja;ニジェール
NE;ko;니제르
NE;ru;Нигер
NE;th;ไนเจอร์
NE;vi;Ni-giê
NE;zh;尼日尔
NF;de;Norfolk-Insel
NF;en;Norfolk Island
NF;es;Isla Norfolk
NF;fr;Île Norfolk
NF;it;Isola Norfolk
NF;ja;ノーフォーク島
NF;ko;노퍽 섬
NF;sv;Norfolkön
NF;zh;诺福克岛
NG;ca;Nigèria
NG;en;Nigeria
NG;fr;Nigéria
NG;ja;ナイジェリア
NG;ko;나이지리아
NG;ru;Нигерия
NG;th;ไนจีเรีย
NG;vi;Ni-giê-ri-a
NG;zh;尼日利亚
NI;en;Nicaragua
NI;ja;ニカラグア
NI;ko;니카라과
NI;pl;Nikaragua
NI;ru;Никарагуа
NI;th;นิคารากัว
NI;vi;Ni-ca-ra-goa
NI;zh;尼加拉瓜
NL;ca;Països Baixos
NL;de;Niederlande
NL;en;Netherlands
NL;es;Holanda
NL;fi;Alankomaat
NL;fr;Pays-Bas
NL;it;Paesi Bassi
NL;ja;オランダ
NL;ko;네덜란드
NL;nl;Nederland
NL;pl;Holandia
NL;ru;Нидерланды
NL;sv;Nederländerna
NL;th;เนเธอร์แลนด์
NL;vi;Hà Lan
NL;zh;荷兰
NO;ca;Noruega
NO;de;Norwegen
NO;en;Norway
NO;es;Noruega
NO;fi;Norja
NO;fr;Norvège
NO;it;Norvegia
NO;ja;ノルウェー
NO;ko;노르웨이
NO;no;Norge
NO;pl;Norwegia
NO;ru;Норвегия
NO;sv;Norge
NO;th;นอร์เวย์
NO;vi;Na Uy
NO;zh;挪威
NP;en;Nepal
NP;fr;Népal
NP;ja;ネパール
NP;ko;네팔
NP;ru;Непал
NP;th;เนปาล
NP;vi;Nê-pan
NP;zh;尼泊尔
NR;en;Nauru
NR;ja;ナウル
NR;ko;나우루
NR;zh;瑙鲁
NU;en;Niue
NU;ja;ニウエ島
NU;ko;니우에
NU;ru;Нию
NU;th;นียู
NU;zh;纽埃岛
NZ;ca;Nova Zelanda
NZ;de;Neuseeland
NZ;en;New Zealand
NZ;es;Nueva Zelanda
NZ;fr;Nouvelle-Zélande
NZ;it;Nuova Zelanda
NZ;ja;ニュージーランド
NZ;ko;뉴질랜드
NZ;pl;Nowa Zelandia
NZ;ru;Новая Зеландия
NZ;sv;Nya Zeeland
NZ;th;นิวซีแลนด์
NZ;vi;Niu Di-lân
NZ;zh;新西兰
OM;ar;سلطنة عمان
OM;en;Oman
OM;es;Omán
OM;ja;オマーン
OM;ko;오만
OM;ru;Оман
OM;th;โอมาน
OM;vi;Ô-man
OM;zh;阿曼
PA;ca;Panamà
PA;en;Panama
PA;es;Panamá
PA;ja;パナマ
PA;ko;파나마
PA;ru;Панама
PA;th;ปานามา
PA;vi;Pa-na-ma
PA;zh;巴拿马
PE;ca;Perú
PE;en;Peru
PE;es;Perú
PE;fr;Pérou
PE;it;Perù
PE;ja;ペルー
PE;ko;페루
PE;ru;Перу
PE;th;เปรู
PE;vi;Pê-ru
PE;zh;秘鲁
PF;ca;Polinèsia Francesa
PF;de;Französisch-Polynesien
PF;en;French Polynesia
PF;es;Polinesia Francesa
PF;fr;Polynésie Française
PF;it;Polinesia Francese
PF;ja;仏領ポリネシア
PF;ko;프랑스령 폴리네시아
PF;pl;Polinezja Francuska
PF;ru;Французская Полинезия
PF;sv;Franska Polynesien
PF;th;เฟร็นชโพลินีเซีย
PF;zh;法属玻利尼西亚
PG;ca;Papua Nova Guinea
PG;de;Papua-Neuguinea
PG;en;Papua New Guinea
PG;es;Papúa New Guinea
PG;fr;Papouasie-Nouvelle-Guinée
PG;it;Papua Nuova Guinea
PG;ja;パプアニューギニア
PG;ko;파푸아뉴기니
PG;pl;Papua Nowa Gwinea
PG;ru;Папуа - Новая Гвинея
PG;sv;Papua Nya Guinea
PG;th;ปาปัวนิวกีนี
PG;vi;Pa-pu-a Niu Ghi-nê
PG;zh;巴布亚新几内亚
PH;ca;Filipines
PH;de;Philippinen
PH;en;Philippines
PH;es;Filipinas
PH;it;Filippine
PH;ja;フィリピン
PH;ko;필리핀
PH;pl;Filipiny
PH;ru;Филиппины
PH;sv;Filippinerna
PH;th;ฟิลิปปินส์
PH;vi;Phi-lip-pin
PH;zh;菲律宾
PK;en;Pakistan
PK;es;Paquistán
PK;ja;パキスタン
PK;ko;파키스탄
PK;ru;Пакистан
PK;th;ปากีสถาน
PK;vi;Pa-ki-xtan
PK;zh;巴基斯坦
PL;ca;Polònia
PL;de;Polen
PL;en;Poland
PL;es;Polonia
PL;fi;Puola
PL;fr;Pologne
PL;it;Polonia
PL;ja;ポーランド
PL;ko;폴란드
PL;pl;Polska
PL;ru;Польша
PL;sv;Polen
PL;th;โปแลนด์
PL;vi;Ba Lan
PL;zh;波兰
PM;de;St. Pierre und Miquelon
PM;en;Saint Pierre And Miquelon
PM;es;San Pedro y Miquelón
PM;fr;Saint-Pierre-et-Miquelon
PM;it;Saint Pierre e Miquelon
PM;ja;サンピエール島・ミクロン島
PM;ko;세인트 피에르 미켈론
PM;sv;Saint Pierre och Miquelon
PM;zh;圣皮埃尔和密克隆群岛
PN;en;Pitcairn
PN;es;Islas Pitcairn
PN;ja;ピトケアン島
PN;ko;핏케언 제도
PN;zh;皮特克恩岛
PR;en;Puerto Rico
PR;fr;Porto Rico
PR;ja;プエルトリコ
PR;ko;푸에르토리코
PR;pl;Portoryko
PR;ru;Пуэрто-Рико
PR;th;เปอร์โตริโก
PR;zh;波多黎哥
PS;de;Palästina
PS;en;Palestine
PS;es;Palestina
PS;it;Palestina
PS;ja;パレスチナ
PS;ko;팔레스타인
PS;sv;Palestina
PS;zh;巴勒斯坦
PT;en;Portugal
PT;fi;Portugali
PT;it;Portogallo
PT;ja;ポルトガル
PT;ko;포르트칼
PT;pl;Portugalia
PT;ru;Португалия
PT;th;โปตุกัล
PT;vi;Bồ Đào Nha
PT;zh;葡萄牙
PW;en;Palau
PW;es;Palaos
PW;fr;Belau
PW;ja;パラオ
PW;ko;팔라우
PW;zh;帕劳
PY;ca;Paraguai
PY;en;Paraguay
PY;ja;パラグアイ
PY;ko;파라과이
PY;pl;Paragwaj
PY;ru;Парагвай
PY;th;ปารากวัย
PY;vi;Pa-ra-goay
PY;zh;巴拉圭
QA;ar;قطر
QA;de;Katar
QA;en;Qatar
QA;ja;カタール
QA;ko;카타르
QA;pl;Katar
QA;ru;Катар
QA;th;กาตาร์
QA;vi;Ca-ta
QA;zh;卡塔尔
RE;en;Reunion
RE;es;Reunión
RE;fr;La Réunion
RE;ja;レユニオン
RE;ko;리유니언
RE;sv;Réunion
RE;zh;留尼汪岛
RO;de;Rumänien
RO;en;Romania
RO;es;Rumania
RO;fr;Roumanie
RO;ja;ルーマニア
RO;ko;루마니아
RO;pl;Rumunia
RO;ro;România
RO;ru;Румыния
RO;sv;Rumänien
RO;th;รูเมเนีย
RO;vi;Ru-ma-ni
RO;zh;罗马尼亚
RU;ca;Rússia
RU;de;Russland
RU;en;Russia
RU;es;Rusia
RU;fi;Venäjä
RU;fr;Russie
RU;ja;ロシア
RU;ko;러시아
RU;pl;Rosja
RU;ru;Россия
RU;sv;Ryssland
RU;th;รัสเซีย
RU;vi;Nga
RU;zh;俄罗斯
RW;de;Ruanda
RW;en;Rwanda
RW;es;Ruanda
RW;it;Ruanda
RW;ja;ルワンダ
RW;ko;르완다
RW;ru;Руанда
RW;th;ราวัลดา
RW;vi;Ru-an-đa
RW;zh;卢旺达
SA;ar;السعودية
SA;ca;Aràbia Saudí
SA;de;Saudi-Arabien
SA;en;Saudi Arabia
SA;es;Arabia Saudita
SA;fr;Arabie Saoudite
SA;it;Arabia Saudita
SA;ja;サウジアラビア
SA;ko;사우디아라비아
SA;pl;Arabia Saudyjska
SA;ru;Саудовская Аравия
SA;sv;Saudiarabien
SA;th;ซาอุดิอาระเบีย
SA;vi;A-rập Xê-út
SA;zh;沙特阿拉伯
SB;de;Solomon-Inseln
SB;en;Solomon Islands
SB;es;Islas Salomón
SB;fr;Îles Salomon
SB;it;Isole Solomon
SB;ja;ソロモン諸島
SB;ko;솔로몬 제도
SB;sv;Salomonöarna
SB;vi;Quần đảo Xô-lô-mông
SB;zh;所罗门群岛
SC;de;Seychellen
SC;en;Seychelles
SC;ja;セイシェル
SC;ko;쉐이쉘
SC;pl;Seszele
SC;ru;Сейшельские Острова
SC;sv;Seychellerna
SC;th;เซย์แชลล์
SC;vi;Xây-sen
SC;zh;塞舌尔群岛
SD;ar;السودان
SD;en;Sudan
SD;es;Sudán
SD;fr;Soudan
SD;ja;スーダン
SD;ko;수단
SD;ru;Судан
SD;th;ซูดาน
SD;vi;Xu-đăng
SD;zh;苏丹
SE;ca;Suècia
SE;de;Schweden
SE;en;Sweden
SE;es;Suecia
SE;fi;Ruotsi
SE;fr;Suède
SE;it;Svezia
SE;ja;スウェーデン
SE;ko;스웨덴
SE;pl;Szwecja
SE;ru;Швеция
SE;sv;Sverige
SE;th;สวีเดน
SE;vi;Thụy Điển
SE;zh;瑞典
SG;ca;Singapur
SG;de;Singapur
SG;en;Singapore
SG;es;Singapur
SG;fr;Singapour
SG;ja;シンガポール
SG;ko;싱가포르
SG;pl;Singapur
SG;ru;Сингапур
SG;th;สิงคโปร์
SG;vi;Xin-ga-po
SG;zh;新加坡
SH;de;St. Helena
SH;en;Saint Helena
SH;es;Santa Helena
SH;fr;Sainte-Hélène
SH;it;Sant'Elena
SH;ja;セントヘレナ島
SH;ko;세인트 헬레나
SH;zh;圣赫勒拿岛
SI;ca;Eslovènia
SI;de;Slowenien
SI;en;Slovenia
SI;es;Eslovenia
SI;fr;Slovénie
SI;ja;スロベニア
SI;ko;슬로베니아
SI;pl;Słowenia
SI;ru;Словения
SI;sl;Slovenija
SI;sv;Slovenien
SI;th;สโลวิเนีย
SI;vi;Xlô-ven-ni-a
SI;zh;斯洛文尼亚
SJ;de;Svalbard und Jan Mayen
SJ;en;Svalbard And Jan Mayen
SJ;es;Svalbard y Jan Mayen
SJ;fr;Svalbard et Jan Mayen
SJ;it;Svalbard e Jan Mayen
SJ;ja;スバールバル諸島・ヤンマイエン島
SJ;ko;스발바르 및 얀마웬
SJ;sv;Svalbard och Jan Mayen
SJ;zh;斯瓦尔巴特和扬马延岛
SK;ca;Eslovàquia
SK;de;Slowakei
SK;en;Slovakia
SK;es;Eslovaquia
SK;fr;Slovaquie
SK;it;Slovacchia
SK;ja;スロバキア
SK;ko;슬로바키아
SK;pl;Słowacja
SK;ru;Словакия
SK;sk;Slovenská republika
SK;sv;Slovakien
SK;th;สโลวาเกีย
SK;vi;Xlô-va-ki-a
SK;zh;斯洛伐克
SL;en;Sierra Leone
SL;es;Sierra Leona
SL;ja;シエラレオネ
SL;ko;시에라리온
SL;ru;Сьерра-Леоне
SL;th;เซียร์ร่าลีออน
SL;vi;Xi-ê-ra Lê-ôn
SL;zh;塞拉里昂
SM;en;San Marino
SM;fr;Saint-Marin
SM;ja;サンマリノ
SM;ko;산마리노
SM;vi;Xan Ma-ri-nô
SM;zh;圣马力诺
SN;en;Senegal
SN;fr;Sénégal
SN;ja;セネガル
SN;ko;세네갈
SN;ru;Сенегал
SN;th;ซินีกัล
SN;vi;Xê-nê-gan
SN;zh;塞内加尔
SO;ca;Somàlia
SO;en;Somalia
SO;fr;Somalie
SO;ja;ソマリア
SO;ko;소말리아
SO;ru;Сомали
SO;th;โซมาเลีย
SO;vi;Xô-ma-li
SO;zh;索马里
SR;ca;Surinam
SR;en;Suriname
SR;es;Surinam
SR;ja;スリナム
SR;ko;수리남
SR;pl;Surinam
SR;ru;Суринам
SR;sv;Surinam
SR;th;ซูรินามิ
SR;vi;Xu-ri-nam
SR;zh;苏里南
ST;de;Sao Tome und Principe
ST;en;Sao Tome And Principe
ST;es;Santo Tomé y Príncipe
ST;fr;Sao Tomé et Principe
ST;it;São Tomé e Principe
ST;ja;サントメ・プリンシペ
ST;ko;상투메 프린시페
ST;sv;São Tomé och Príncipe
ST;vi;Xao Tô-mê và Prin-xi-pê
ST;zh;圣多美和普林西比
SV;en;El Salvador
SV;ja;エルサルバドル
SV;ko;엘살바도르
SV;pl;Salwador
SV;ru;Сальвадор
SV;th;เอลซาวาดอร์
SV;vi;En-san-va-đo
SV;zh;萨尔瓦多
SY;ar;سوريا
SY;ca;Síria
SY;de;Syrien
SY;en;Syria
SY;es;Siria
SY;fr;Syrie
SY;it;Siria
SY;ja;シリア
SY;ko;시리아
SY;ru;Сирия
SY;sv;Syrien
SY;th;ซีเรีย
SY;vi;Xi-ri
SY;zh;叙利亚
SZ;ca;Swazilàndia
SZ;de;Swasiland
SZ;en;Swaziland
SZ;es;Suazilandia
SZ;ja;スワジランド
SZ;ko;스와질랜드
SZ;pl;Suazi
SZ;ru;Свазиленд
SZ;th;สวาซิแลนด์
SZ;vi;Xoa-di-len
SZ;zh;斯威士兰
TC;de;Turks- und Caicos-Inseln
TC;en;Turks And Caicos Islands
TC;es;Islas Turcas y Caicos
TC;fr;Îles Turks et Caicos
TC;it;Isole Turks e Caicos
TC;ja;タークス諸島・カイコス諸島
TC;ko;터크스 케이커스 제도
TC;sv;Turks- och Caicosöarna
TC;zh;特克斯群岛和凯科斯群岛
TD;ca;Txad
TD;de;Tschad
TD;en;Chad
TD;fr;Tchad
TD;it;Ciad
TD;ja;チャド
TD;ko;차드
TD;pl;Czad
TD;ru;Чад
TD;sv;Tchad
TD;th;ชาด
TD;vi;Sát
TD;zh;乍得
TF;ca;Territoris Meridionals Francesos ??
TF;de;Französische Südgebiete
TF;en;French Southern Territories
TF;es;Territorios Franceses del Sur
TF;fr;Territoires Français du Sud
TF;it;Territori Francesi d'Oltremare
TF;ja;フランス領極南諸島
TF;ko;프랑스 남부 지방
TF;pl;Francuskie Terytoria Zamorskie
TF;ru;французские южные территории
TF;sv;Franska södra territorierna
TF;th;อาณาเขตทางใต้ของฝรั่งเศส
TF;zh;法属南特立尼达
TG;en;Togo
TG;ja;トーゴ
TG;ko;토고
TG;ru;Того
TG;th;โตโก
TG;vi;Tô-gô
TG;zh;多哥
TH;ca;Tailàndia
TH;en;Thailand
TH;es;Tailandia
TH;fr;Thaïlande
TH;it;Thailandia
TH;ja;タイ
TH;ko;태국
TH;pl;Tajlandia
TH;ru;Таиланд
TH;th;ประเทศไทย
TH;vi;Thái Lan
TH;zh;泰国
TJ;ca;Tadjikistan
TJ;de;Tadschikistan
TJ;en;Tajikistan
TJ;es;Tayikistán
TJ;fr;Tadjikistan
TJ;it;Tagikistan
TJ;ja;タジキスタン
TJ;ko;타지키스탄
TJ;pl;Tadżykistan
TJ;ru;Таджикистан
TJ;sv;Tadzjikistan
TJ;th;ทาจิกิสถาน
TJ;vi;Tát-gi-ki-xtan
TJ;zh;塔吉克斯坦
TK;en;Tokelau
TK;ja;トケラウ諸島
TK;ko;토켈라우
TK;ru;Токелау
TK;th;โทกิโล
TK;zh;联合群岛
TL;en;Timor-Leste
TL;es;Timor Oriental
TL;it;Timor Leste
TL;ja;東ティモール
TL;ko;동티모르
TL;zh;东帝汶
TM;en;Turkmenistan
TM;es;Turkmenistán
TM;fr;Turkménistan
TM;ja;トルクメニスタン
TM;ko;투르크메니스탄
TM;ru;Туркменистан
TM;th;เติร์กเมนิสถาน
TM;vi;Tuốc-mê-ni-xtan
TM;zh;土库曼斯坦
TN;ar;تونس
TN;ca;Tunísia
TN;de;Tunesien
TN;en;Tunisia
TN;es;Túnez
TN;fr;Tunisie
TN;ja;チュニジア
TN;ko;튀니지
TN;pl;Tunezja
TN;ru;Тунис
TN;sv;Tunisien
TN;th;ตูนิเซีย
TN;vi;Tuy-ni-di
TN;zh;突尼斯
TO;en;Tonga
TO;ja;トンガ
TO;ko;통가
TO;ru;Тонга
TO;th;ทองก้า
TO;vi;Tông-ga
TO;zh;汤加
TR;ca;Turquia
TR;de;Türkei
TR;en;Turkey
TR;es;Turquía
TR;fi;Turkki
TR;fr;Turquie
TR;it;Turchia
TR;ja;トルコ
TR;ko;터키
TR;pl;Turcja
TR;ru;Турция
TR;sv;Turkiet
TR;th;ตุรกี
TR;tr;Türkiye
TR;vi;Thổ Nhĩ Kỳ
TR;zh;土耳其
TT;ca;Trinitat i Tobago
TT;de;Trinidad und Tobago
TT;en;Trinidad and Tobago
TT;es;Trinidad y Tobago
TT;fr;Trinité-et-Tobago
TT;it;Trinidad e Tobago
TT;ja;トリニダード・トバゴ
TT;ko;트리니다드 토바고
TT;pl;Trynidad i Tobago
TT;ru;Тринидад и Тобаго
TT;sv;Trinidad och Tobago
TT;th;ทรินิแดด และโทบาโก
TT;vi;Tri-ni-đát và Tô-ba-gô
TT;zh;特立尼达和多巴哥
TV;en;Tuvalu
TV;ja;ツバル
TV;ko;투발루
TV;vi;Tu-va-lu
TV;zh;图瓦卢
TW;en;Taiwan
TW;es;Taiwán
TW;ja;台湾
TW;ko;대만
TW;pl;Tajwan
TW;ru;Тайвань
TW;th;ไต้หวัน
TW;vi;Đài Loan
TW;zh;台灣
TZ;ca;Tanzània
TZ;de;Tansania
TZ;en;Tanzania
TZ;fr;Tanzanie
TZ;ja;タンザニア
TZ;ko;탄자니아
TZ;ru;Танзания
TZ;th;ทานซาเนีย
TZ;vi;Tan-da-ni-a
TZ;zh;坦桑尼亚
UA;ca;Ucraïna
UA;en;Ukraine
UA;es;Ucrania
UA;it;Ucraina
UA;ja;ウクライナ
UA;ko;우크라이나
UA;pl;Ukraina
UA;ru;Украина
UA;sv;Ukraina
UA;th;ยูเครน
UA;uk;Україна
UA;vi;U-crai-na
UA;zh;乌克兰
UG;en;Uganda
UG;fr;Ouganda
UG;ja;ウガンダ
UG;ko;우간다
UG;ru;Уганда
UG;th;อูกานดา
UG;vi;U-gan-đa
UG;zh;乌干达
UM;de;Übrige Inseln im Pazifik der USA
UM;en;United States Minor Outlying Islands
UM;es;Islas menores alejadas de los Estados Unidos
UM;fr;Dépendances américaines du Pacifique
UM;it;Isole minori lontane degli Stati Uniti
UM;ja;米領太平洋諸島
UM;ko;미국령 군도
UM;sv;Förenta staternas mindre öar i Oceanien och Västindien
UM;zh;美属小奥特兰群岛
US;ca;Estats Units
US;de;Vereinigte Staaten von Amerika
US;en;United States
US;es;Estados Unidos
US;fi;Yhdysvallat
US;fr;Etats-Unis
US;it;Stati Uniti
US;ja;アメリカ合衆国
US;ko;미국
US;pl;Stany Zjednoczone Ameryki
US;ru;Соединенные Штаты
US;sv;Amerikas Förenta Stater
US;th;สหรัฐอเมริกา
US;vi;Hoa Kỳ
US;zh;美国
UY;ca;Uruguai
UY;en;Uruguay
UY;ja;ウルグアイ
UY;ko;우루과이
UY;pl;Urugwaj
UY;ru;Уругвай
UY;th;อุรูกวัย
UY;vi;U-ru-goay
UY;zh;乌拉圭
UZ;de;Usbekistan
UZ;en;Uzbekistan
UZ;es;Uzbekistán
UZ;fr;Ouzbékistan
UZ;ja;ウズベキスタン
UZ;ko;우즈베키스탄
UZ;ru;Узбекистан
UZ;th;อุซเบกิสถาน
UZ;vi;U-dơ-bê-ki-xtan
UZ;zh;乌兹别克斯坦
VA;ca;Vaticà
VA;de;Vatikanstadt
VA;en;Vatican
VA;es;Ciudad del Vaticano
VA;it;Città del Vaticano
VA;ja;バチカン
VA;ko;바티칸
VA;pl;Watykan
VA;ru;Ватикан
VA;sv;Vatikanen
VA;th;วาติกัน
VA;vi;Va-ti-căng
VA;zh;梵蒂冈
VC;de;St. Vincent und die Grenadinen
VC;en;Saint Vincent And The Grenadines
VC;es;San Vicente y las Granadinas
VC;fr;Saint-Vincent-et-les Grenadines
VC;it;Saint Vincent e Grenadine
VC;ja;セントビンセントおよびグレナディーン諸島
VC;ko;세인트 빈센트 그레나딘스
VC;sv;Saint Vincent och Grenadinerna
VC;vi;Xan Vin-xen và Grê-na-din
VC;zh;圣文森特和格林纳丁斯
VE;ca;Veneçuela
VE;en;Venezuela
VE;fr;Vénézuela
VE;ja;ベネズエラ
VE;ko;베네수엘라
VE;pl;Wenezuela
VE;ru;Венесуэла
VE;th;เวเนซูเอล่า
VE;vi;Vê-nê-zu-ê-la
VE;zh;委内瑞拉
VG;ca;Illes Verges Britàniques
VG;de;Britische Jungferninseln
VG;en;British Virgin Islands
VG;es;Islas Vírgenes Británicas
VG;fr;Iles Vierges Britanniques
VG;it;Isole Vergini (GB)
VG;ja;英領バージン諸島
VG;ko;영국령 버진 아일랜드
VG;pl;Dziewicze Wyspy Brytyjskie
VG;ru;Британские Виргинские острова
VG;sv;Brittiska Virgin Islands
VG;th;บริทิชเวอร์จินไอส์แลนด์
VG;zh;英属维京群岛
VI;ca;Illes Verges dels USA
VI;de;Amerikanische Jungferninseln
VI;en;U.S. Virgin Islands
VI;es;Islas Vírgenes Americanas
VI;fr;Iles Vierges Américaines
VI;it;Isole Vergini (USA)
VI;ja;米領バージン諸島
VI;ko;미국령 버진 아일랜드
VI;pl;Dziewicze Wyspy Stanów Zjednoczonych
VI;ru;Виргинские острова Соединенных Штатов
VI;sv;Amerikanska Virgin Islands
VI;th;ยูเอสเวอร์จินไอส์แลนด์
VI;zh;美属维京群岛
VN;en;Vietnam
VN;ja;ベトナム
VN;ko;베트남
VN;pl;Wietnam
VN;ru;Вьетнам
VN;th;เวียดนาม
VN;vi;Việt Nam
VN;zh;越南
VU;en;Vanuatu
VU;ja;バヌアツ
VU;ko;바누아투
VU;ru;Вануату
VU;th;วานัวตู
VU;vi;Va-nu-a-tu
VU;zh;瓦努阿图
WF;de;Wallis und Futuna
WF;en;Wallis And Futuna
WF;es;Wallis y Futuna
WF;fr;Wallis-et-Futuna
WF;it;Wallis e Futuna
WF;ja;ワリス・フテュナ諸島
WF;ko;윌리스 푸투나
WF;sv;Wallis och Futuna
WF;zh;瓦利斯群岛和富图纳群岛
WS;en;Samoa
WS;ja;西サモア
WS;ko;사모아
WS;vi;Xa-moa
WS;zh;东萨摩亚
YE;ar;اليمن
YE;ca;Iemen
YE;de;Jemen
YE;en;Yemen
YE;fr;Yémen
YE;ja;イエメン
YE;ko;예멘
YE;pl;Jemen
YE;ru;Йемен
YE;sv;Jemen
YE;th;เยเมน
YE;vi;Y-ê-men
YE;zh;也门
YT;en;Mayotte
YT;it;Mayotta
YT;ja;マヨット島
YT;ko;마요티
YT;ru;Майотте
YT;th;มายอต
YT;zh;马约特岛
ZA;ca;Sud-àfrica
ZA;de;Südafrika
ZA;en;South Africa
ZA;es;Sudáfrica
ZA;fr;Afrique du Sud
ZA;it;Sudafrica
ZA;ja;南アフリカ
ZA;ko;남아프리카
ZA;pl;Republika Południowej Afryki
ZA;ru;Южная Африка
ZA;sv;Sydafrika 
ZA;th;แอฟริกาใต้
ZA;vi;Nam Phi
ZA;zh;南非
ZM;ca;Zàmbia
ZM;de;Sambia
ZM;en;Zambia
ZM;fr;Zambie
ZM;ja;ザンビア
ZM;ko;잠비아
ZM;ru;Замбия
ZM;th;แซมเบีย
ZM;vi;Dăm-bi-a
ZM;zh;赞比亚
ZW;de;Simbabwe
ZW;en;Zimbabwe
ZW;es;Zimbabue
ZW;ja;ジンバブエ
ZW;ko;짐바브웨
ZW;ru;Зимбабве
ZW;th;ซิมบาบเว
ZW;vi;Dim-ba-bu-ê
ZW;zh;津巴布韦
