CountryID;CityID;RegionID;LanguageID;CityName
CH;30444;AG;de;Aarau
CH;30445;AG;de;Aarburg
CH;30446;AG;de;Aettenschwil
CH;30447;AG;de;Aristau
CH;30448;AG;de;Auenstein
CH;30449;AG;de;Auw
CH;30450;AG;de;Baden
CH;30451;AG;de;Berikon
CH;30452;AG;de;Birr
CH;30453;AG;de;Birrwil
CH;30454;AG;de;Boniswil
CH;30455;AG;de;Bottenwil
CH;30456;AG;de;Böttstein
CH;30457;AG;de;Bözen
CH;30458;AG;de;Brittnau
CH;30459;AG;de;Buttwil
CH;30460;AG;de;Densbüren
CH;30461;AG;de;Dietwil
CH;30462;AG;de;Dottikon
CH;30463;AG;de;Döttingen
CH;30464;AG;de;Dürrenäsch
CH;30465;AG;de;Effingen
CH;30466;AG;de;Eggenwil
CH;30467;AG;de;Egliswil
CH;30468;AG;de;Eiken
CH;30469;AG;de;Endingen
CH;30470;AG;de;Erlinsbach
CH;30471;AG;de;Etzgen
CH;30472;AG;de;Fahrwangen
CH;30473;AG;de;Frick
CH;30474;AG;de;Gebenstorf
CH;30475;AG;de;Gipf-Oberfrick
CH;30476;AG;de;Gontenschwil
CH;30477;AG;de;Gränichen
CH;30478;AG;de;Habsburg
CH;30479;AG;de;Hägglingen
CH;30480;AG;de;Hallwil
CH;30481;AG;de;Hendschiken
CH;30482;AG;de;Hornussen
CH;30483;AG;de;Ittenthal
CH;30484;AG;de;Jonen
CH;30485;AG;de;Kaiseraugst
CH;30486;AG;de;Kaisten
CH;30487;AG;de;Killwangen
CH;30488;AG;de;Klingnau
CH;30489;AG;de;Koblenz
CH;30490;AG;de;Kölliken
CH;30491;AG;de;Künten
CH;30492;AG;de;Küttigen
CH;30493;AG;de;Laufenburg
CH;30494;AG;de;Leibstadt
CH;30495;AG;de;Lenzburg
CH;30496;AG;de;Leutwil
CH;30497;AG;de;Magden
CH;30498;AG;de;Meisterschwanden
CH;30499;AG;de;Mellingen
CH;30500;AG;de;Menziken
CH;30501;AG;de;Merenschwand
CH;30502;AG;de;Möhlin
CH;30503;AG;de;Moosleerau
CH;30504;AG;de;Muhen
CH;30505;AG;de;Mühlau
CH;30506;AG;de;Mumpf
CH;30507;AG;de;Murgenthal
CH;30508;AG;de;Neuenhof
CH;30509;AG;de;Niederlenz
CH;30510;AG;de;Niederrohrdorf
CH;30511;AG;de;Oberentfelden
CH;30512;AG;de;Oberlunkhofen
CH;30513;AG;de;Oberrüti
CH;30514;AG;de;Oftringen
CH;30515;AG;de;Othmarsingen
CH;30516;AG;de;Rheinfelden
CH;30517;AG;de;Rothrist
CH;30518;AG;de;Rudolfstetten
CH;30519;AG;de;Rupperswil
CH;30520;AG;de;Safenwil
CH;30521;AG;de;Sarmenstorf
CH;30522;AG;de;Schafisheim
CH;30523;AG;de;Schinznach Bad
CH;30524;AG;de;Schinznach Dorf
CH;30525;AG;de;Schlossrued
CH;30526;AG;de;Schöftland
CH;30527;AG;de;Schwaderloch
CH;30528;AG;de;Seengen
CH;30529;AG;de;Seon
CH;30530;AG;de;Siglistorf
CH;30531;AG;de;Sins
CH;30532;AG;de;Spreitenbach
CH;30533;AG;de;Staffelbach
CH;30534;AG;de;Staufen
CH;30535;AG;de;Stilli
CH;30536;AG;de;Strengelbach
CH;30537;AG;de;Suhr
CH;30538;AG;de;Tegerfelden
CH;30539;AG;de;Turgi
CH;30540;AG;de;Uerkheim
CH;30541;AG;de;Unterehrendingen
CH;30542;AG;de;Unterkulm
CH;30543;AG;de;Unterlunkhofen
CH;30544;AG;de;Untersiggenthal
CH;30545;AG;de;Villigen
CH;30546;AG;de;Villmergen
CH;30547;AG;de;Villnachern
CH;30548;AG;de;Vordemwald
CH;30549;AG;de;Waltenschwil
CH;30550;AG;de;Wegenstetten
CH;30551;AG;de;Wettingen
CH;30552;AG;de;Wildegg
CH;30553;AG;de;Windisch
CH;30554;AG;de;Wittnau
CH;30555;AG;de;Wölflinswil
CH;30556;AG;de;Würenlingen
CH;30557;AG;de;Würenlos
CH;30558;AG;de;Zeihen
CH;30559;AG;de;Zofingen
CH;30560;AG;de;Zurzach
CH;30561;AG;de;Zuzgen
CH;30562;AI;de;Appenzell
CH;30563;AI;de;Gonten
CH;30564;AI;de;Oberegg
CH;30565;AI;de;Weissbad
CH;30566;AR;de;Bühler
CH;30567;AR;de;Gais
CH;30568;AR;de;Heiden
CH;30569;AR;de;Herisau
CH;30570;AR;de;Hundwil
CH;30571;AR;de;Rehetobel
CH;30572;AR;de;Schönengrund
CH;30573;AR;de;Schwellbrunn
CH;30574;AR;de;Speicher
CH;30575;AR;de;Trogen
CH;30576;AR;de;Urnäsch
CH;30577;AR;de;Waldstatt
CH;30578;AR;de;Walzenhausen
CH;30579;AR;de;Zürchersmühle
CH;30580;BE;de;Aarberg
CH;30581;BE;de;Aarwangen
CH;30582;BE;de;Abländschen
CH;30583;BE;de;Adelboden
CH;30584;BE;de;Aeschau
CH;30585;BE;de;Albligen
CH;30586;BE;de;Alchenstorf
CH;30587;BE;de;Amsoldingen
CH;30588;BE;de;Arch
CH;30589;BE;de;Attiswil
CH;30590;BE;de;Axalp
CH;30591;BE;de;Bannwil
CH;30592;BE;de;Bärau
CH;30593;BE;de;Bätterkinden
CH;30594;BE;de;Beatenberg
CH;30595;BE;fr;Bellelay
CH;30596;BE;de;Bellmund
CH;30597;BE;de;Belp
CH;30598;BE;de;Belpberg
CH;30599;BE;de;Bern
CH;30600;BE;fr;Bévilard
CH;30601;BE;de;Bigenthal
CH;30602;BE;de;Biglen
CH;30603;BE;de;Blankenburg
CH;30604;BE;de;Blumenstein
CH;30605;BE;de;Boll
CH;30606;BE;de;Bolligen
CH;30607;BE;de;Boltigen
CH;30608;BE;de;Bowil
CH;30609;BE;de;Brenzikofen
CH;30610;BE;de;Brienzwiler
CH;30611;BE;de;Brüttelen
CH;30612;BE;de;Bumbach
CH;30613;BE;de;Büren an der Aare
CH;30614;BE;de;Burgdorf
CH;30615;BE;de;Burgistein
CH;30616;BE;de;Bützberg
CH;30617;BE;fr;Corgémont
CH;30618;BE;fr;Court
CH;30619;BE;fr;Courtelary
CH;30620;BE;fr;Crémines
CH;30621;BE;de;Därligen
CH;30622;BE;de;Därstetten
CH;30623;BE;de;Diemtigen
CH;30624;BE;fr;Diesse
CH;30625;BE;de;Dürrenroth
CH;30626;BE;de;Eggiwil
CH;30627;BE;de;Einigen
CH;30628;BE;de;Emmenmatt
CH;30629;BE;de;Eriswil
CH;30630;BE;de;Eriz
CH;30631;BE;de;Erlach
CH;30632;BE;de;Erlenbach im Simmental
CH;30633;BE;de;Ersigen
CH;30634;BE;fr;Evilard
CH;30635;BE;de;Faulensee
CH;30636;BE;de;Feutersoey
CH;30637;BE;de;Fraubrunnen
CH;30638;BE;de;Frauenkappelen
CH;30639;BE;de;Frieswil
CH;30640;BE;de;Frutigen
CH;30641;BE;de;Gadmen
CH;30642;BE;de;Gals
CH;30643;BE;de;Gampelen
CH;30644;BE;de;Gerzensee
CH;30645;BE;de;Gimmelwald
CH;30646;BE;de;Gondiswil
CH;30647;BE;de;Graben
CH;30648;BE;fr;Grandval
CH;30649;BE;de;Grimmialp
CH;30650;BE;de;Grindelwald
CH;30651;BE;de;Grossaffoltern
CH;30652;BE;de;Gstaad
CH;30653;BE;de;Guggisberg
CH;30654;BE;de;Gümligen
CH;30655;BE;de;Gümmenen
CH;30656;BE;de;Gunten
CH;30657;BE;de;Guttannen
CH;30658;BE;de;Habkern
CH;30659;BE;de;Hagneck
CH;30660;BE;de;Hasle-Rüegsau
CH;30661;BE;de;Heiligenschwendi
CH;30662;BE;de;Heimberg
CH;30663;BE;de;Heimenschwand
CH;30664;BE;de;Heimiswil
CH;30665;BE;de;Hermiswil
CH;30666;BE;de;Herzogenbuchsee
CH;30667;BE;de;Hilterfingen
CH;30668;BE;de;Hindelbank
CH;30669;BE;de;Hinterkappelen
CH;30670;BE;de;Hondrich
CH;30671;BE;de;Hünibach
CH;30672;BE;de;Huttwil
CH;30673;BE;de;Innertkirchen
CH;30674;BE;de;Ins
CH;30675;BE;de;Interlaken
CH;30676;BE;de;Iseltwald
CH;30677;BE;de;Isenfluh
CH;30678;BE;de;Jegenstorf
CH;30679;BE;de;Kallnach
CH;30680;BE;de;Kandergrund
CH;30681;BE;de;Kandersteg
CH;30682;BE;de;Kappelen
CH;30683;BE;de;Kehrsatz
CH;30684;BE;de;Kernenried
CH;30685;BE;de;Kiental
CH;30686;BE;de;Kiesen
CH;30687;BE;de;Kirchlindach
CH;30688;BE;de;Kleindietwil
CH;30689;BE;de;Kleine Scheidegg
CH;30690;BE;de;Köniz
CH;30691;BE;de;Konolfingen
CH;30692;BE;de;Koppigen
CH;30693;BE;de;Krattigen
CH;30694;BE;de;Krauchthal
CH;30695;BE;de;Kriechenwil
CH;30696;BE;fr;La Ferrière
CH;30697;BE;fr;La Heutte
CH;30698;BE;fr;La Neuveville
CH;30699;BE;fr;Lamboing
CH;30700;BE;de;Langenthal
CH;30701;BE;de;Lauperswil
CH;30702;BE;de;Lauterbrunnen
CH;30703;BE;de;Leissigen
CH;30704;BE;de;Leuzigen
CH;30705;BE;de;Liebefeld
CH;30706;BE;de;Ligerz
CH;30707;BE;de;Linden
CH;30708;BE;de;Lotzwil
CH;30709;BE;de;Lütschental
CH;30710;BE;de;Lyss
CH;30711;BE;de;Lyssach
CH;30712;BE;de;Madiswil
CH;30713;BE;fr;Malleray
CH;30714;BE;de;Meinisberg
CH;30715;BE;de;Meiringen
CH;30716;BE;de;Melchnau
CH;30717;BE;de;Merligen
CH;30718;BE;de;Mörigen
CH;30719;BE;fr;Moutier
CH;30720;BE;de;Mühleberg
CH;30721;BE;de;Mühlethurnen
CH;30722;BE;de;Münchenbuchsee
CH;30723;BE;de;Münsingen
CH;30724;BE;de;Mürren
CH;30725;BE;de;Nessental
CH;30726;BE;de;Neuenegg
CH;30727;BE;de;Nidau
CH;30728;BE;de;Niederbipp
CH;30729;BE;de;Niederscherli
CH;30730;BE;de;Niederwichtrach
CH;30731;BE;de;Niesen Kulm
CH;30732;BE;fr;Nods
CH;30733;BE;de;Oberbalm
CH;30734;BE;de;Oberbipp
CH;30735;BE;de;Oberburg
CH;30736;BE;de;Oberdiessbach
CH;30737;BE;de;Oberönz
CH;30738;BE;de;Oberstocken
CH;30739;BE;de;Ochlenberg
CH;30740;BE;de;Oey
CH;30741;BE;de;Orpund
CH;30742;BE;fr;Orvin
CH;30743;BE;de;Ostermundigen
CH;30744;BE;fr;Perrefitte
CH;30745;BE;fr;Péry
CH;30746;BE;de;Pieterlen
CH;30747;BE;fr;Prêles
CH;30748;BE;de;Ranflüh
CH;30749;BE;fr;Reconvilier
CH;30750;BE;de;Reutigen
CH;30751;BE;de;Richigen
CH;30752;BE;de;Riedstätt
CH;30753;BE;de;Riffenmatt
CH;30754;BE;de;Riggisberg
CH;30755;BE;de;Rohrbach
CH;30756;BE;de;Rosshäusern
CH;30757;BE;de;Rubigen
CH;30758;BE;de;Rüderswil
CH;30759;BE;de;Rüeggisberg
CH;30760;BE;de;Saanen
CH;30761;BE;de;Saanenmöser
CH;30762;BE;fr;Saicourt
CH;30763;BE;de;Sangernboden
CH;30764;BE;de;Säriswil
CH;30765;BE;de;Saxeten
CH;30766;BE;de;Schangnau
CH;30767;BE;de;Schelten
CH;30768;BE;de;Schönbühl
CH;30769;BE;de;Schönried
CH;30770;BE;de;Schüpbach
CH;30771;BE;de;Schüpfen
CH;30772;BE;de;Schwarzenburg
CH;30773;BE;de;Schwarzenegg
CH;30774;BE;de;Seeberg
CH;30775;BE;de;Seftigen
CH;30776;BE;de;Signau
CH;30777;BE;de;Sigriswil
CH;30778;BE;fr;Sonvilier
CH;30779;BE;fr;Sornetan
CH;30780;BE;de;Spiez
CH;30781;BE;de;Stechelberg
CH;30782;BE;de;Steffisburg
CH;30783;BE;de;Stettlen
CH;30784;BE;de;Suberg
CH;30785;BE;de;Sumiswald
CH;30786;BE;de;Sundlauenen
CH;30787;BE;de;Täuffelen
CH;30788;BE;fr;Tavannes
CH;30789;BE;de;Thierachern
CH;30790;BE;de;Thörishaus
CH;30791;BE;de;Thun
CH;30792;BE;de;Thunstetten
CH;30793;BE;de;Toffen
CH;30794;BE;de;Trachselwald
CH;30795;BE;fr;Tramelan
CH;30796;BE;de;Trimstein
CH;30797;BE;de;Trub
CH;30798;BE;de;Trubschachen
CH;30799;BE;de;Twann
CH;30800;BE;de;Uetendorf
CH;30801;BE;de;Uettligen
CH;30802;BE;de;Unterseen
CH;30803;BE;de;Ursenbach
CH;30804;BE;de;Urtenen
CH;30805;BE;de;Uttigen
CH;30806;BE;de;Utzenstorf
CH;30807;BE;fr;Vauffelin
CH;30808;BE;fr;Villeret
CH;30809;BE;de;Wabern
CH;30810;BE;de;Walkringen
CH;30811;BE;de;Wangen an der Aare
CH;30812;BE;de;Wattenwil
CH;30813;BE;de;Weissenbach
CH;30814;BE;de;Weissenburg
CH;30815;BE;de;Wengen
CH;30816;BE;de;Wichtrach
CH;30817;BE;de;Wiedlisbach
CH;30818;BE;de;Wilderswil
CH;30819;BE;de;Wileroltigen
CH;30820;BE;de;Wimmis
CH;30821;BE;de;Worb
CH;30822;BE;de;Worben
CH;30823;BE;de;Worblaufen
CH;30824;BE;de;Wynau
CH;30825;BE;de;Wynigen
CH;30826;BE;de;Wyssachen
CH;30827;BE;de;Zäziwil
CH;30828;BE;de;Zimmerwald
CH;30829;BE;de;Zollbrück
CH;30830;BE;de;Zollikofen
CH;30831;BE;de;Zweilütschinen
CH;30832;BE;de;Zweisimmen
CH;30833;BL;de;Allschwil
CH;30834;BL;de;Arisdorf
CH;30835;BL;de;Arlesheim
CH;30836;BS;de;Basel
CH;30837;BL;de;Binningen
CH;30838;BL;de;Birsfelden
CH;30839;BL;de;Blauen
CH;30840;BL;de;Bottmingen
CH;30841;BL;de;Bretzwil
CH;30842;BL;de;Brislach
CH;30843;BL;de;Bubendorf
CH;30844;BL;de;Buus
CH;30845;BL;de;Diegten
CH;30846;BL;de;Eptingen
CH;30847;BL;de;Ettingen
CH;30848;BL;de;Frenkendorf
CH;30849;BL;de;Füllinsdorf
CH;30850;BL;de;Gelterkinden
CH;30851;BL;de;Grellingen
CH;30852;BL;de;Hemmiken
CH;30853;BL;de;Hölstein
CH;30854;BL;de;Langenbruck
CH;30855;BL;de;Läufelfingen
CH;30856;BL;de;Laufen
CH;30857;BL;de;Lausen
CH;30858;BL;de;Liesberg
CH;30859;BL;de;Liestal
CH;30860;BL;de;Maisprach
CH;30861;BL;de;Münchenstein
CH;30862;BL;de;Muttenz
CH;30863;BL;de;Ormalingen
CH;30864;BL;de;Pfeffingen
CH;30865;BL;de;Pratteln
CH;30866;BL;de;Reigoldswil
CH;30867;BL;de;Röschenz
CH;30868;BL;de;Rünenberg
CH;30869;BL;de;Schönenbuch
CH;30870;BL;de;Seltisberg
CH;30871;BL;de;Sissach
CH;30872;BL;de;Tecknau
CH;30873;BL;de;Therwil
CH;30874;BL;de;Titterten
CH;30875;BL;de;Waldenburg
CH;30876;BL;de;Zeglingen
CH;30877;BL;de;Zunzgen
CH;30878;BL;de;Zwingen
CH;30879;BS;de;Bettingen
CH;30880;FR;fr;Albeuve
CH;30881;FR;fr;Arconciel
CH;30882;FR;fr;Attalens
CH;30883;FR;fr;Aumont
CH;30884;FR;fr;Autigny
CH;30885;FR;fr;Avry-sur-Matran
CH;30886;FR;fr;Barberêche
CH;30887;FR;fr;Belfaux
CH;30888;FR;de;Bösingen
CH;30889;FR;fr;Broc
CH;30890;FR;fr;Bulle
CH;30891;FR;fr;Châtonnaye
CH;30892;FR;fr;Cheiry
CH;30893;FR;fr;Cheyres
CH;30894;FR;de;Cordast
CH;30895;FR;fr;Corminboeuf
CH;30896;FR;fr;Courgevaux
CH;30897;FR;fr;Courlevon
CH;30898;FR;fr;Courtepin
CH;30899;FR;fr;Courtion
CH;30900;FR;fr;Domdidier
CH;30901;FR;de;Düdingen
CH;30902;FR;fr;Echarlens
CH;30903;FR;fr;Ecuvillens
CH;30904;FR;fr;Enney
CH;30905;FR;fr;Estavannens
CH;30906;FR;fr;Estavayer-le-Lac
CH;30907;FR;fr;Farvagny-le-Petit
CH;30908;FR;de;Flamatt
CH;30909;FR;de;Fräschels
CH;30910;FR;fr;Fribourg
CH;30911;FR;de;Galmiz
CH;30912;FR;de;Giffers
CH;30913;FR;fr;Grandsivaz
CH;30914;FR;fr;Grandvillard
CH;30915;FR;fr;Grolley
CH;30916;FR;fr;Gruyères
CH;30917;FR;fr;Hauteville
CH;30918;FR;de;Heitenried
CH;30919;FR;de;Im Fang
CH;30920;FR;de;Jaun
CH;30921;FR;de;Jeuss
CH;30922;FR;de;Kerzers
CH;30923;FR;fr;La Tour-de-Trême
CH;30924;FR;fr;Le Bry
CH;30925;FR;fr;Le Crêt-près-Semsales
CH;30926;FR;fr;Léchelles
CH;30927;FR;fr;Lessoc
CH;30928;FR;de;Liebistorf
CH;30929;FR;de;Lurtigen
CH;30930;FR;fr;Mannens
CH;30931;FR;fr;Marsens
CH;30932;FR;fr;Montagny-la-Ville
CH;30933;FR;fr;Montbovon
CH;30934;FR;de;Murten
CH;30935;FR;fr;Noréaz
CH;30936;FR;de;Oberschrot
CH;30937;FR;de;Plaffeien
CH;30938;FR;de;Plasselb
CH;30939;FR;fr;Ponthaux
CH;30940;FR;fr;Porsel
CH;30941;FR;fr;Portalban
CH;30942;FR;de;Rechthalten
CH;30943;FR;fr;Riaz
CH;30944;FR;fr;Rue
CH;30945;FR;fr;Rueyres-Treyfayes
CH;30946;FR;de;Schwarzsee
CH;30947;FR;fr;Semsales
CH;30948;FR;fr;Siviriez
CH;30949;FR;fr;Sorens
CH;30950;FR;fr;Sugiez
CH;30951;FR;de;Tafers
CH;30952;FR;fr;Treyfayes
CH;30953;FR;fr;Treyvaux
CH;30954;FR;de;Ueberstorf
CH;30955;FR;fr;Vauderens
CH;30956;FR;fr;Vaulruz
CH;30957;FR;fr;Villarsel-le-Gibloux
CH;30958;FR;fr;Villarsiviriaux
CH;30959;FR;fr;Villars-sur-Glâne
CH;30960;FR;fr;Villarvolard
CH;30961;FR;fr;Vuadens
CH;30962;FR;de;Wallenbuch
CH;30963;FR;de;Wallenried
CH;30964;FR;de;Wünnewil
CH;30965;FR;de;Zumholz
CH;30966;GE;fr;Aïre
CH;30967;GE;fr;Anières
CH;30968;GE;fr;Bellevue
CH;30969;GE;fr;Bernex
CH;30970;GE;fr;Cartigny
CH;30971;GE;fr;Céligny
CH;30972;GE;fr;Chambésy
CH;30973;GE;fr;Chancy
CH;30974;GE;fr;Châtelaine
CH;30975;GE;fr;Chêne-Bougeries
CH;30976;GE;fr;Chêne-Bourg
CH;30977;GE;fr;Cointrin
CH;30978;GE;fr;Collonge-Bellerive
CH;30979;GE;fr;Cologny
CH;30980;GE;fr;Confignon
CH;30981;GE;fr;Dardagny
CH;30982;GE;fr;Genève
CH;30983;GE;fr;Hermance
CH;30984;GE;fr;Jussy
CH;30985;GE;fr;La Plaine
CH;30986;GE;fr;La Praille
CH;30987;GE;fr;Le Grand-Saconnex
CH;30988;GE;fr;Les Acacias
CH;30989;GE;fr;Meinier
CH;30990;GE;fr;Meyrin
CH;30991;GE;fr;Onex
CH;30992;GE;fr;Plan-les-Ouates
CH;30993;GE;fr;Presinge
CH;30994;GE;fr;Puplinge
CH;30995;GE;fr;Russin
CH;30996;GE;fr;Satigny
CH;30997;GE;fr;Soral
CH;30998;GE;fr;Thônex
CH;30999;GE;fr;Vernier
CH;31000;GE;fr;Versoix
CH;31001;GE;fr;Vésenaz
CH;31002;GE;fr;Veyrier
CH;31003;GL;de;Betschwanden
CH;31004;GL;de;Bilten
CH;31005;GL;de;Braunwald
CH;31006;GL;de;Elm
CH;31007;GL;de;Engi
CH;31008;GL;de;Ennenda
CH;31009;GL;de;Filzbach
CH;31010;GL;de;Glarus
CH;31011;GL;de;Hätzingen
CH;31012;GL;de;Klöntal
CH;31013;GL;de;Leuggelbach
CH;31014;GL;de;Linthal
CH;31015;GL;de;Luchsingen
CH;31016;GL;de;Matt
CH;31017;GL;de;Mollis
CH;31018;GL;de;Mühlehorn
CH;31019;GL;de;Näfels
CH;31020;GL;de;Netstal
CH;31021;GL;de;Nidfurn
CH;31022;GL;de;Niederurnen
CH;31023;GL;de;Obstalden
CH;31024;GL;de;Riedern
CH;31025;GL;de;Sool
CH;31026;GL;de;Ziegelbrücke
CH;31027;GR;it;Alp Grüm
CH;31028;GR;de;Alvaneu Dorf
CH;31029;GR;rm;Alvaschein
CH;31030;GR;de;Andeer
CH;31031;GR;rm;Ardez
CH;31032;GR;de;Arosa
CH;31033;GR;it;Arvigo
CH;31034;GR;de;Ascharina
CH;31035;GR;de;Augio
CH;31036;GR;de;Ausserferrera
CH;31037;GR;it;Bivio
CH;31038;GR;de;Bonaduz
CH;31039;GR;de;Borgonovo
CH;31040;GR;de;Brail
CH;31041;GR;it;Brusio
CH;31042;GR;it;Buseno
CH;31043;GR;de;Cabbiolo
CH;31044;GR;it;Cama
CH;31045;GR;it;Campascio
CH;31046;GR;it;Campocologno
CH;31047;GR;de;Carrera
CH;31048;GR;de;Casaccia
CH;31049;GR;it;Castasegna
CH;31050;GR;de;Castiel
CH;31051;GR;it;Cauco
CH;31052;GR;de;Cazis
CH;31053;GR;de;Champfèr
CH;31054;GR;de;Chur
CH;31055;GR;de;Churwalden
CH;31056;GR;de;Clugin
CH;31057;GR;de;Crusch
CH;31058;GR;rm;Cunter
CH;31059;GR;de;Curaglia
CH;31060;GR;de;Danis
CH;31061;GR;de;Davos Dorf
CH;31062;GR;de;Davos Platz
CH;31063;GR;rm;Duvin
CH;31064;GR;rm;Falera
CH;31065;GR;de;Fanas
CH;31066;GR;de;Fardün
CH;31067;GR;de;Felsberg
CH;31068;GR;de;Fidaz
CH;31069;GR;de;Fideris
CH;31070;GR;rm;Filisur
CH;31071;GR;de;Fläsch
CH;31072;GR;de;Flerden
CH;31073;GR;de;Flims Dorf
CH;31074;GR;de;Flims Waldhaus
CH;31075;GR;rm;Flond
CH;31076;GR;rm;Fuldera
CH;31077;GR;de;Furna
CH;31078;GR;de;Fürstenaubruck
CH;31079;GR;it;Grono
CH;31080;GR;de;Grüsch
CH;31081;GR;rm;Guarda
CH;31082;GR;de;Haldenstein
CH;31083;GR;de;Hinterrhein
CH;31084;GR;de;Igis
CH;31085;GR;rm;Ilanz
CH;31086;GR;de;Innerferrera
CH;31087;GR;de;Jenaz
CH;31088;GR;de;Jenins
CH;31089;GR;de;Juf
CH;31090;GR;de;Klosters
CH;31091;GR;de;Klosters Dorf
CH;31092;GR;de;Küblis
CH;31093;GR;it;La Rösa
CH;31094;GR;rm;Ladir
CH;31095;GR;de;Landquart
CH;31096;GR;de;Landquart Fabriken
CH;31097;GR;de;Langwies
CH;31098;GR;de;Latsch
CH;31099;GR;de;Laura
CH;31100;GR;rm;Lavin
CH;31101;GR;it;Le Prese
CH;31102;GR;it;Leggia
CH;31103;GR;it;Lostallo
CH;31104;GR;rm;Lü
CH;31105;GR;rm;Lumbrein
CH;31106;GR;rm;Luven
CH;31107;GR;de;Luzein
CH;31108;GR;de;Maienfeld
CH;31109;GR;de;Maladers
CH;31110;GR;de;Malix
CH;31111;GR;de;Maloja
CH;31112;GR;rm;Marmorera
CH;31113;GR;de;Martina
CH;31114;GR;de;Mastrils
CH;31115;GR;de;Mathon
CH;31116;GR;de;Medels im Rheinwald
CH;31117;GR;it;Mesocco
CH;31118;GR;it;Miralago
CH;31119;GR;rm;Mon
CH;31120;GR;de;Monbiel
CH;31121;GR;rm;Morissen
CH;31122;GR;rm;Mulegns
CH;31123;GR;rm;Müstair
CH;31124;GR;de;Mutten
CH;31125;GR;de;Nufenen
CH;31126;GR;de;Pany
CH;31127;GR;de;Parpan
CH;31128;GR;rm;Paspels
CH;31129;GR;de;Peist
CH;31130;GR;de;Pignia
CH;31131;GR;rm;Pitasch
CH;31132;GR;de;Platta
CH;31133;GR;rm;Pontresina
CH;31134;GR;it;Poschiavo
CH;31135;GR;de;Praden
CH;31136;GR;rm;Präz
CH;31137;GR;de;Preda
CH;31138;GR;de;Promontogno
CH;31139;GR;de;Pusserein
CH;31140;GR;de;Rabius
CH;31141;GR;de;Realta
CH;31142;GR;rm;Rhäzüns
CH;31143;GR;rm;Riein
CH;31144;GR;de;Riom
CH;31145;GR;de;Rodels
CH;31146;GR;de;Rona
CH;31147;GR;de;Rongellen
CH;31148;GR;it;Rossa
CH;31149;GR;de;Rothenbrunnen
CH;31150;GR;de;Rueras
CH;31151;GR;rm;Rueun
CH;31152;GR;rm;Ruschein
CH;31153;GR;de;Safien Platz
CH;31154;GR;rm;Sagogn
CH;31155;GR;rm;Salouf
CH;31156;GR;rm;Samedan
CH;31157;GR;rm;Sarn
CH;31158;GR;rm;Savognin
CH;31159;GR;rm;S-chanf
CH;31160;GR;de;Scharans
CH;31161;GR;rm;Scheid
CH;31162;GR;de;Schiers
CH;31163;GR;de;Schuders
CH;31164;GR;rm;Scuol
CH;31165;GR;de;Sedrun
CH;31166;GR;de;Seewis Dorf
CH;31167;GR;it;Selma
CH;31168;GR;rm;Sent
CH;31169;GR;de;Serneus
CH;31170;GR;rm;Sevgein
CH;31171;GR;de;Sils im Domleschg
CH;31172;GR;rm;Silvaplana
CH;31173;GR;it;Soazza
CH;31174;GR;it;Soglio
CH;31175;GR;de;Splügen
CH;31176;GR;it;Stampa
CH;31177;GR;rm;Stierva
CH;31178;GR;de;Sufers
CH;31179;GR;rm;Surava
CH;31180;GR;rm;Surcuolm
CH;31181;GR;de;Tamins
CH;31182;GR;rm;Tarasp
CH;31183;GR;de;Tartar
CH;31184;GR;de;Tavanasa
CH;31185;GR;de;Tenna
CH;31186;GR;de;Thalkirch
CH;31187;GR;de;Thusis
CH;31188;GR;rm;Tiefencastel
CH;31189;GR;de;Tinizong
CH;31190;GR;rm;Trans
CH;31191;GR;de;Trimmis
CH;31192;GR;rm;Trun
CH;31193;GR;de;Tschappina
CH;31194;GR;de;Tschiertschen
CH;31195;GR;de;Untervaz
CH;31196;GR;de;Urmein
CH;31197;GR;de;Valbella
CH;31198;GR;de;Valendas
CH;31199;GR;de;Valzeina
CH;31200;GR;it;Verdabbio
CH;31201;GR;de;Versam
CH;31202;GR;it;Viano
CH;31203;GR;it;Vicosoprano
CH;31204;GR;rm;Vignogn
CH;31205;GR;rm;Vrin
CH;31206;GR;de;Vulpera
CH;31207;GR;de;Wergenstein
CH;31208;GR;rm;Zernez
CH;31209;GR;de;Zignau
CH;31210;GR;de;Zillis
CH;31211;GR;de;Zizers
CH;31212;GR;rm;Zuoz
CH;31213;JU;fr;Alle
CH;31214;JU;fr;Asuel
CH;31215;JU;fr;Bassecourt
CH;31216;JU;fr;Boncourt
CH;31217;JU;fr;Bonfol
CH;31218;JU;fr;Buix
CH;31219;JU;fr;Bure
CH;31220;JU;fr;Charmoille
CH;31221;JU;fr;Chevenez
CH;31222;JU;fr;Choindez
CH;31223;JU;fr;Coeuve
CH;31224;JU;fr;Cornol
CH;31225;JU;fr;Courfaivre
CH;31226;JU;fr;Courgenay
CH;31227;JU;fr;Courrendlin
CH;31228;JU;fr;Courroux
CH;31229;JU;fr;Courtedoux
CH;31230;JU;fr;Courtemaîche
CH;31231;JU;fr;Courtételle
CH;31232;JU;fr;Damvant
CH;31233;JU;fr;Delémont
CH;31234;JU;fr;Fahy
CH;31235;JU;fr;Fontenais
CH;31236;JU;fr;Glovelier
CH;31237;JU;fr;Grandfontaine
CH;31238;JU;fr;La Chaux-des-Breuleux
CH;31239;JU;fr;Le Noirmont
CH;31240;JU;fr;Le Peuchapatte
CH;31241;JU;fr;Les Bois
CH;31242;JU;fr;Les Breuleux
CH;31243;JU;fr;Les Pommerats
CH;31244;JU;fr;Lucelle
CH;31245;JU;fr;Lugnez
CH;31246;JU;fr;Mervelier
CH;31247;JU;fr;Miécourt
CH;31248;JU;fr;Montfaucon
CH;31249;JU;fr;Montignez
CH;31250;JU;fr;Movelier
CH;31251;JU;fr;Ocourt
CH;31252;JU;fr;Pleigne
CH;31253;JU;fr;Porrentruy
CH;31254;JU;fr;Saignelégier
CH;31255;JU;fr;Saulcy
CH;31256;JU;fr;Soubey
CH;31257;JU;fr;Soyhières
CH;31258;JU;fr;Undervelier
CH;31259;JU;fr;Vendlincourt
CH;31260;JU;fr;Vermes
CH;31261;JU;fr;Vicques
CH;31262;LU;de;Adligenswil
CH;31263;LU;de;Alberswil
CH;31264;LU;de;Altishofen
CH;31265;LU;de;Ballwil
CH;31266;LU;de;Beromünster
CH;31267;LU;de;Buchrain
CH;31268;LU;de;Büron
CH;31269;LU;de;Buttisholz
CH;31270;LU;de;Dagmersellen
CH;31271;LU;de;Doppleschwand
CH;31272;LU;de;Ebikon
CH;31273;LU;de;Eich
CH;31274;LU;de;Eigenthal
CH;31275;LU;de;Emmen
CH;31276;LU;de;Emmenbrücke
CH;31277;LU;de;Entlebuch
CH;31278;LU;de;Escholzmatt
CH;31279;LU;de;Ettiswil
CH;31280;LU;de;Gelfingen
CH;31281;LU;de;Gettnau
CH;31282;LU;de;Geuensee
CH;31283;LU;de;Greppen
CH;31284;LU;de;Grosswangen
CH;31285;LU;de;Gunzwil
CH;31286;LU;de;Hämikon
CH;31287;LU;de;Hellbühl
CH;31288;LU;de;Hertenstein
CH;31289;LU;de;Hildisrieden
CH;31290;LU;de;Hitzkirch
CH;31291;LU;de;Hochdorf
CH;31292;LU;de;Hohenrain
CH;31293;LU;de;Horw
CH;31294;LU;de;Inwil
CH;31295;LU;de;Kastanienbaum
CH;31296;LU;de;Knutwil
CH;31297;LU;de;Kriens
CH;31298;LU;de;Littau
CH;31299;LU;de;Luthern
CH;31300;LU;de;Luzern
CH;31301;LU;de;Malters
CH;31302;LU;de;Mauensee
CH;31303;LU;de;Meggen
CH;31304;LU;de;Meierskappel
CH;31305;LU;de;Menznau
CH;31306;LU;de;Nebikon
CH;31307;LU;de;Neudorf
CH;31308;LU;de;Neuenkirch
CH;31309;LU;de;Nottwil
CH;31310;LU;de;Ohmstal
CH;31311;LU;de;Perlen
CH;31312;LU;de;Pfaffnau
CH;31313;LU;de;Reiden
CH;31314;LU;de;Richenthal
CH;31315;LU;de;Rigi Kaltbad
CH;31316;LU;de;Root
CH;31317;LU;de;Ruswil
CH;31318;LU;de;Schärlig
CH;31319;LU;de;Schenkon
CH;31320;LU;de;Schongau
CH;31321;LU;de;Schötz
CH;31322;LU;de;Schüpfheim
CH;31323;LU;de;Sörenberg
CH;31324;LU;de;Sursee
CH;31325;LU;de;Triengen
CH;31326;LU;de;Udligenswil
CH;31327;LU;de;Uffikon
CH;31328;LU;de;Ufhusen
CH;31329;LU;de;Vitznau
CH;31330;LU;de;Wauwil
CH;31331;LU;de;Weggis
CH;31332;LU;de;Werthenstein
CH;31333;LU;de;Wiggen
CH;31334;LU;de;Wikon
CH;31335;LU;de;Willisau
CH;31336;LU;de;Winikon
CH;31337;LU;de;Wolhusen
CH;31338;NE;fr;Areuse
CH;31339;NE;fr;Auvernier
CH;31340;NE;fr;Bevaix
CH;31341;NE;fr;Boudevilliers
CH;31342;NE;fr;Boudry
CH;31343;NE;fr;Brot-Dessous
CH;31344;NE;fr;Brot-Plamboz
CH;31345;NE;fr;Buttes
CH;31346;NE;fr;Cernier
CH;31347;NE;fr;Chaumont
CH;31348;NE;fr;Chez-le-Bart
CH;31349;NE;fr;Cortaillod
CH;31350;NE;fr;Couvet
CH;31351;NE;fr;Dombresson
CH;31352;NE;fr;Fleurier
CH;31353;NE;fr;Fontainemelon
CH;31354;NE;fr;Gorgier
CH;31355;NE;fr;La Brévine
CH;31356;NE;fr;La Chaux-de-Fonds
CH;31357;NE;fr;La Côte-aux-Fées
CH;31358;NE;fr;Le Landeron
CH;31359;NE;fr;Le Locle
CH;31360;NE;fr;Les Bayards
CH;31361;NE;fr;Les Brenets
CH;31362;NE;fr;Les Geneveys-sur-Coffrane
CH;31363;NE;fr;Les Hauts-Geneveys
CH;31364;NE;fr;Les Ponts-de-Martel
CH;31365;NE;fr;Les Verrières
CH;31366;NE;fr;Lignières
CH;31367;NE;fr;Marin-Epagnier
CH;31368;NE;fr;Neuchâtel
CH;31369;NE;fr;Noiraigue
CH;31370;NE;fr;Peseux
CH;31371;NE;fr;Savagnier
CH;31372;NE;fr;Thielle
CH;31373;NE;fr;Travers
CH;31374;NE;fr;Valangin
CH;31375;NW;de;Beckenried
CH;31376;NW;de;Buochs
CH;31377;NW;de;Bürgenstock
CH;31378;NW;de;Dallenwil
CH;31379;NW;de;Emmetten
CH;31380;NW;de;Ennetbürgen
CH;31381;NW;de;Kehrsiten
CH;31382;NW;de;Niederrickenbach
CH;31383;NW;de;Oberrickenbach
CH;31384;NW;de;Stans
CH;31385;NW;de;Stansstad
CH;31386;NW;de;Wolfenschiessen
CH;31387;OW;de;Alpnachstad
CH;31388;OW;de;Engelberg
CH;31389;OW;de;Giswil
CH;31390;OW;de;Grafenort
CH;31391;OW;de;Kerns
CH;31392;OW;de;Lungern
CH;31393;OW;de;Melchtal
CH;31394;OW;de;Sachseln
CH;31395;OW;de;Sarnen
CH;31396;SG;de;Altenrhein
CH;31397;SG;de;Amden
CH;31398;SG;de;Bad Ragaz
CH;31399;SG;de;Balgach
CH;31400;SG;de;Bazenheid
CH;31401;SG;de;Berneck
CH;31402;SG;de;Berschis
CH;31403;SG;de;Bronschhofen
CH;31404;SG;de;Brunnadern
CH;31405;SG;de;Bütschwil
CH;31406;SG;de;Degersheim
CH;31407;SG;de;Diepoldsau
CH;31408;SG;de;Ebnat-Kappel
CH;31409;SG;de;Eggersriet
CH;31410;SG;de;Eichberg
CH;31411;SG;de;Flawil
CH;31412;SG;de;Flums
CH;31413;SG;de;Gaiserwald
CH;31414;SG;de;Gams
CH;31415;SG;de;Ganterschwil
CH;31416;SG;de;Goldach
CH;31417;SG;de;Goldingen
CH;31418;SG;de;Gommiswald
CH;31419;SG;de;Grabs
CH;31420;SG;de;Häggenschwil
CH;31421;SG;de;Heerbrugg
CH;31422;SG;de;Hemberg
CH;31423;SG;de;Henau
CH;31424;SG;de;Jona
CH;31425;SG;de;Jonschwil
CH;31426;SG;de;Kaltbrunn
CH;31427;SG;de;Krinau
CH;31428;SG;de;Kronbühl
CH;31429;SG;de;Krummenau
CH;31430;SG;de;Lichtensteig
CH;31431;SG;de;Lienz
CH;31432;SG;de;Lütisburg
CH;31433;SG;de;Mels
CH;31434;SG;de;Mogelsberg
CH;31435;SG;de;Mols
CH;31436;SG;de;Mörschwil
CH;31437;SG;de;Mosnang
CH;31438;SG;de;Mühlrüti
CH;31439;SG;de;Muolen
CH;31440;SG;de;Murg
CH;31441;SG;de;Necker
CH;31442;SG;de;Nesslau
CH;31443;SG;de;Niederbüren
CH;31444;SG;de;Niederhelfenschwil
CH;31445;SG;de;Niederuzwil
CH;31446;SG;de;Oberbüren
CH;31447;SG;de;Oberhelfenschwil
CH;31448;SG;de;Oberterzen
CH;31449;SG;de;Oberuzwil
CH;31450;SG;de;Quarten
CH;31451;SG;de;Quinten
CH;31452;SG;de;Rebstein
CH;31453;SG;de;Rheineck
CH;31454;SG;de;Rorschacherberg
CH;31455;SG;de;Rufi
CH;31456;SG;de;Salez
CH;31457;SG;de;Sargans
CH;31458;SG;de;Sax
CH;31459;SG;de;Schänis
CH;31460;SG;de;Schmerikon
CH;31461;SG;de;Sennwald
CH;31462;SG;de;Sevelen
CH;31463;SG;de;Thal
CH;31464;SG;de;Trübbach
CH;31465;SG;de;Unterterzen
CH;31466;SG;de;Unterwasser
CH;31467;SG;de;Uznach
CH;31468;SG;de;Uzwil
CH;31469;SG;de;Valens
CH;31470;SG;de;Vasön
CH;31471;SG;de;Vättis
CH;31472;SG;de;Vilters
CH;31473;SG;de;Waldkirch
CH;31474;SG;de;Wangs
CH;31475;SG;de;Wartau
CH;31476;SG;de;Wattwil
CH;31477;SG;de;Weesen
CH;31478;SG;de;Weisstannen
CH;31479;SG;de;Werdenberg
CH;31480;SG;de;Wildhaus
CH;31481;SG;de;Wittenbach
CH;31482;SG;de;Zuckenriet
CH;31483;SH;de;Beggingen
CH;31484;SH;de;Beringen
CH;31485;SH;de;Buchberg
CH;31486;SH;de;Gächlingen
CH;31487;SH;de;Hallau
CH;31488;SH;de;Hemishofen
CH;31489;SH;de;Hemmental
CH;31490;SH;de;Merishausen
CH;31491;SH;de;Neuhausen am Rheinfall
CH;31492;SH;de;Neunkirch
CH;31493;SH;de;Oberhallau
CH;31494;SH;de;Osterfingen
CH;31495;SH;de;Ramsen
CH;31496;SH;de;Rüdlingen
CH;31497;SH;de;Schaffhausen
CH;31498;SH;de;Schleitheim
CH;31499;SH;de;Siblingen
CH;31500;SH;de;Stein am Rhein
CH;31501;SH;de;Thayngen
CH;31502;SH;de;Trasadingen
CH;31503;SH;de;Wilchingen
CH;31504;SO;de;Aedermannsdorf
CH;31505;SO;de;Balsthal
CH;31506;SO;de;Bärschwil
CH;31507;SO;de;Bettlach
CH;31508;SO;de;Biberist
CH;31509;SO;de;Breitenbach
CH;31510;SO;de;Brunnenthal
CH;31511;SO;de;Büsserach
CH;31512;SO;de;Deitingen
CH;31513;SO;de;Derendingen
CH;31514;SO;de;Dornach
CH;31515;SO;de;Egerkingen
CH;31516;SO;de;Erschwil
CH;31517;SO;de;Feldbrunnen
CH;31518;SO;de;Fulenbach
CH;31519;SO;de;Gänsbrunnen
CH;31520;SO;de;Gempen
CH;31521;SO;de;Gerlafingen
CH;31522;SO;de;Grenchen
CH;31523;SO;de;Gunzgen
CH;31524;SO;de;Hägendorf
CH;31525;SO;de;Halten
CH;31526;SO;de;Hauenstein
CH;31527;SO;de;Herbetswil
CH;31528;SO;de;Hessigkofen
CH;31529;SO;de;Himmelried
CH;31530;SO;de;Hochwald
CH;31531;SO;de;Kleinlützel
CH;31532;SO;de;Kriegstetten
CH;31533;SO;de;Küttigkofen
CH;31534;SO;de;Laupersdorf
CH;31535;SO;de;Lostorf
CH;31536;SO;de;Luterbach
CH;31537;SO;de;Mariastein
CH;31538;SO;de;Matzendorf
CH;31539;SO;de;Messen
CH;31540;SO;de;Metzerlen
CH;31541;SO;de;Mümliswil
CH;31542;SO;de;Niederbuchsiten
CH;31543;SO;de;Niedererlinsbach
CH;31544;SO;de;Niedergösgen
CH;31545;SO;de;Nunningen
CH;31546;SO;de;Oberbuchsiten
CH;31547;SO;de;Obererlinsbach
CH;31548;SO;de;Obergerlafingen
CH;31549;SO;de;Obergösgen
CH;31550;SO;de;Oensingen
CH;31551;SO;de;Olten
CH;31552;SO;de;Ramiswil
CH;31553;SO;de;Riedholz
CH;31554;SO;de;Rodersdorf
CH;31555;SO;de;Schnottwil
CH;31556;SO;de;Schönenwerd
CH;31557;SO;de;Selzach
CH;31558;SO;de;Solothurn
CH;31559;SO;de;Subingen
CH;31560;SO;de;Trimbach
CH;31561;SO;de;Welschenrohr
CH;31562;SO;de;Wolfwil
CH;31563;SO;de;Zuchwil
CH;31564;SO;de;Zullwil
CH;31565;SZ;de;Alpthal
CH;31566;SZ;de;Altendorf
CH;31567;SZ;de;Arth
CH;31568;SZ;de;Brunnen
CH;31569;SZ;de;Einsiedeln
CH;31570;SZ;de;Euthal
CH;31571;SZ;de;Feusisberg
CH;31572;SZ;de;Freienbach
CH;31573;SZ;de;Gersau
CH;31574;SZ;de;Goldau
CH;31575;SZ;de;Hurden
CH;31576;SZ;de;Ibach
CH;31577;SZ;de;Illgau
CH;31578;SZ;de;Immensee
CH;31579;SZ;de;Innerthal
CH;31580;SZ;de;Küssnacht am Rigi
CH;31581;SZ;de;Lauerz
CH;31582;SZ;de;Morschach
CH;31583;SZ;de;Muotathal
CH;31584;SZ;de;Oberiberg
CH;31585;SZ;de;Reichenburg
CH;31586;SZ;de;Riemenstalden
CH;31587;SZ;de;Rigi Scheidegg
CH;31588;SZ;de;Rothenthurm
CH;31589;SZ;de;Sattel
CH;31590;SZ;de;Schindellegi
CH;31591;SZ;de;Schübelbach
CH;31592;SZ;de;Schwyz
CH;31593;SZ;de;Siebnen
CH;31594;SZ;de;Steinen
CH;31595;SZ;de;Steinerberg
CH;31596;SZ;de;Tuggen
CH;31597;SZ;de;Unteriberg
CH;31598;SZ;de;Vorderthal
CH;31599;SZ;de;Wollerau
CH;31600;TG;de;Aadorf
CH;31601;TG;de;Affeltrangen
CH;31602;TG;de;Alterswilen
CH;31603;TG;de;Altnau
CH;31604;TG;de;Amriswil
CH;31605;TG;de;Arbon
CH;31606;TG;de;Basadingen
CH;31607;TG;de;Bichelsee
CH;31608;TG;de;Bissegg
CH;31609;TG;de;Bottighofen
CH;31610;TG;de;Diessenhofen
CH;31611;TG;de;Egnach
CH;31612;TG;de;Erlen
CH;31613;TG;de;Ermatingen
CH;31614;TG;de;Eschenz
CH;31615;TG;de;Eschikofen
CH;31616;TG;de;Etzwilen
CH;31617;TG;de;Fischingen
CH;31618;TG;de;Frauenfeld
CH;31619;TG;de;Gachnang
CH;31620;TG;de;Gerlikon
CH;31621;TG;de;Gottlieben
CH;31622;TG;de;Güttingen
CH;31623;TG;de;Hauptwil
CH;31624;TG;de;Herdern
CH;31625;TG;de;Herrenhof
CH;31626;TG;de;Homburg
CH;31627;TG;de;Hörhausen
CH;31628;TG;de;Horn
CH;31629;TG;de;Hüttlingen
CH;31630;TG;de;Hüttwilen
CH;31631;TG;de;Islikon
CH;31632;TG;de;Kefikon
CH;31633;TG;de;Kesswil
CH;31634;TG;de;Kradolf
CH;31635;TG;de;Kreuzlingen
CH;31636;TG;de;Langrickenbach
CH;31637;TG;de;Lommis
CH;31638;TG;de;Mammern
CH;31639;TG;de;Märstetten
CH;31640;TG;de;Märwil
CH;31641;TG;de;Matzingen
CH;31642;TG;de;Mettlen
CH;31643;TG;de;Neukirch an der Thur
CH;31644;TG;de;Oberaach
CH;31645;TG;de;Pfyn
CH;31646;TG;de;Raperswilen
CH;31647;TG;de;Romanshorn
CH;31648;TG;de;Salmsach
CH;31649;TG;de;Scherzingen
CH;31650;TG;de;Schlattingen
CH;31651;TG;de;Schönholzerswilen
CH;31652;TG;de;Siegershausen
CH;31653;TG;de;Sirnach
CH;31654;TG;de;Sommeri
CH;31655;TG;de;Steckborn
CH;31656;TG;de;Stettfurt
CH;31657;TG;de;Sulgen
CH;31658;TG;de;Tägerwilen
CH;31659;TG;de;Thundorf
CH;31660;TG;de;Tobel
CH;31661;TG;de;Uesslingen
CH;31662;TG;de;Uttwil
CH;31663;TG;de;Wagenhausen
CH;31664;TG;de;Wäldi
CH;31665;TG;de;Wängi
CH;31666;TG;de;Weinfelden
CH;31667;TG;de;Wigoltingen
CH;31668;TG;de;Wuppenau
CH;31669;TG;de;Zihlschlacht
CH;31670;TI;it;Acquarossa
CH;31671;TI;it;Agno
CH;31672;TI;it;Agra
CH;31673;TI;it;Airolo
CH;31674;TI;it;All'Acqua
CH;31675;TI;it;Ambrì
CH;31676;TI;it;Anzonico
CH;31677;TI;it;Aquila
CH;31678;TI;it;Arbedo
CH;31679;TI;it;Arcegno
CH;31680;TI;it;Arogno
CH;31681;TI;it;Arosio
CH;31682;TI;it;Arzo
CH;31683;TI;it;Ascona
CH;31684;TI;it;Astano
CH;31685;TI;it;Auressio
CH;31686;TI;it;Aurigeno
CH;31687;TI;it;Avegno
CH;31688;TI;it;Balerna
CH;31689;TI;it;Banco
CH;31690;TI;it;Bedretto
CH;31691;TI;it;Bellinzona
CH;31692;TI;it;Berzona
CH;31693;TI;it;Biasca
CH;31694;TI;it;Bidogno
CH;31695;TI;it;Bignasco
CH;31696;TI;it;Bigorio
CH;31697;TI;it;Bioggio
CH;31698;TI;it;Bironico
CH;31699;TI;it;Bissone
CH;31700;TI;it;Bogno
CH;31701;TI;it;Borgnone
CH;31702;TI;it;Brè sopra Lugano
CH;31703;TI;it;Breno
CH;31704;TI;it;Brissago
CH;31705;TI;it;Broglio
CH;31706;TI;it;Brontallo
CH;31707;TI;it;Brusino Arsizio
CH;31708;TI;it;Cadempino
CH;31709;TI;it;Cadenazzo
CH;31710;TI;it;Cadro
CH;31711;TI;it;Cagiallo
CH;31712;TI;it;Calpiogna
CH;31713;TI;it;Camorino
CH;31714;TI;it;Canobbio
CH;31715;TI;it;Capolago
CH;31716;TI;it;Carena
CH;31717;TI;it;Casima
CH;31718;TI;it;Caslano
CH;31719;TI;it;Castagnola
CH;31720;TI;it;Castione
CH;31721;TI;it;Castro
CH;31722;TI;it;Cavergno
CH;31723;TI;it;Caviano
CH;31724;TI;it;Cerentino
CH;31725;TI;it;Certara
CH;31726;TI;it;Cevio
CH;31727;TI;it;Chiasso
CH;31728;TI;it;Chiggiogna
CH;31729;TI;it;Chironico
CH;31730;TI;it;Cimadera
CH;31731;TI;it;Cimalmotto
CH;31732;TI;it;Claro
CH;31733;TI;it;Comano
CH;31734;TI;it;Comologno
CH;31735;TI;it;Contone
CH;31736;TI;it;Contra
CH;31737;TI;it;Corippo
CH;31738;TI;it;Crana
CH;31739;TI;it;Cresciano
CH;31740;TI;it;Cugnasco
CH;31741;TI;it;Curtina
CH;31742;TI;it;Dalpe
CH;31743;TI;it;Dino
CH;31744;TI;it;Dongio
CH;31745;TI;it;Faido
CH;31746;TI;it;Frasco
CH;31747;TI;it;Fusio
CH;31748;TI;it;Gandria
CH;31749;TI;it;Genestrerio
CH;31750;TI;it;Giornico
CH;31751;TI;it;Giubiasco
CH;31752;TI;it;Giumaglio
CH;31753;TI;it;Gnosca
CH;31754;TI;it;Gordevio
CH;31755;TI;it;Gordola
CH;31756;TI;it;Gorduno
CH;31757;TI;it;Gravesano
CH;31758;TI;it;Gresso
CH;31759;TI;it;Indemini
CH;31760;TI;it;Intragna
CH;31761;TI;it;Iragna
CH;31762;TI;it;Iseo
CH;31763;TI;it;Isole di Brissago
CH;31764;TI;it;Isone
CH;31765;TI;it;Lavertezzo
CH;31766;TI;it;Lavorgo
CH;31767;TI;it;Ligornetto
CH;31768;TI;it;Locarno
CH;31769;TI;it;Loco
CH;31770;TI;it;Lodano
CH;31771;TI;it;Lodrino
CH;31772;TI;it;Losone
CH;31773;TI;it;Lottigna
CH;31774;TI;it;Ludiano
CH;31775;TI;it;Lugano
CH;31776;TI;it;Lumino
CH;31777;TI;it;Magadino
CH;31778;TI;it;Maggia
CH;31779;TI;it;Malvaglia
CH;31780;TI;it;Manno
CH;31781;TI;it;Maroggia
CH;31782;TI;it;Massagno
CH;31783;TI;it;Medeglia
CH;31784;TI;it;Melano
CH;31785;TI;it;Melide
CH;31786;TI;it;Mendrisio
CH;31787;TI;it;Mergoscia
CH;31788;TI;it;Meride
CH;31789;TI;it;Mezzovico
CH;31790;TI;it;Miglieglia
CH;31791;TI;it;Minusio
CH;31792;TI;it;Moghegno
CH;31793;TI;it;Moleno
CH;31794;TI;it;Montagnola
CH;31795;TI;it;Monte
CH;31796;TI;it;Monte Carasso
CH;31797;TI;it;Morbio Inferiore
CH;31798;TI;it;Morbio Superiore
CH;31799;TI;it;Morcote
CH;31800;TI;it;Mosogno
CH;31801;TI;it;Mugena
CH;31802;TI;it;Muggio
CH;31803;TI;it;Novaggio
CH;31804;TI;it;Novazzano
CH;31805;TI;it;Olivone
CH;31806;TI;it;Osco
CH;31807;TI;it;Osogna
CH;31808;TI;it;Palagnedra
CH;31809;TI;it;Peccia
CH;31810;TI;it;Pedrinate
CH;31811;TI;it;Personico
CH;31812;TI;it;Pianezzo
CH;31813;TI;it;Piazzogna
CH;31814;TI;it;Piotta
CH;31815;TI;it;Ponto Valentino
CH;31816;TI;it;Porto Ronco
CH;31817;TI;it;Pregassona
CH;31818;TI;it;Prosito
CH;31819;TI;it;Prugiasco
CH;31820;TI;it;Pura
CH;31821;TI;it;Quartino
CH;31822;TI;it;Quinto
CH;31823;TI;it;Riveo
CH;31824;TI;it;Robasacco
CH;31825;TI;it;Ronco sopra Ascona
CH;31826;TI;it;Rossura
CH;31827;TI;it;Rovio
CH;31828;TI;it;Sementina
CH;31829;TI;it;Sessa
CH;31830;TI;it;Sigirino
CH;31831;TI;it;Signôra
CH;31832;TI;it;Sobrio
CH;31833;TI;it;Solduno
CH;31834;TI;it;Someo
CH;31835;TI;it;Sonogno
CH;31836;TI;it;Sonvico
CH;31837;TI;it;Sorengo
CH;31838;TI;it;Spruga
CH;31839;TI;it;Stabio
CH;31840;TI;it;Taverne
CH;31841;TI;it;Tegna
CH;31842;TI;it;Tenero
CH;31843;TI;it;Tesserete
CH;31844;TI;it;Torre
CH;31845;TI;it;Vacallo
CH;31846;TI;it;Vairano
CH;31847;TI;it;Verdasio
CH;31848;TI;it;Vergeletto
CH;31849;TI;it;Verscio
CH;31850;TI;it;Viganello
CH;31851;UR;de;Amsteg
CH;31852;UR;de;Andermatt
CH;31853;UR;de;Attinghausen
CH;31854;UR;de;Bauen
CH;31855;UR;de;Bristen
CH;31856;UR;de;Erstfeld
CH;31857;UR;de;Göschenen
CH;31858;UR;de;Gurtnellen
CH;31859;UR;de;Hospental
CH;31860;UR;de;Intschi
CH;31861;UR;de;Isenthal
CH;31862;UR;de;Realp
CH;31863;UR;de;Rütli
CH;31864;UR;de;Schattdorf
CH;31865;UR;de;Seelisberg
CH;31866;UR;de;Silenen
CH;31867;UR;de;Sisikon
CH;31868;UR;de;Spiringen
CH;31869;UR;de;Unterschächen
CH;31870;UR;de;Urnerboden
CH;31871;VD;fr;Agiez
CH;31872;VD;fr;Aigle
CH;31873;VD;fr;Allaman
CH;31874;VD;fr;Apples
CH;31875;VD;fr;Arveyes
CH;31876;VD;fr;Arzier
CH;31877;VD;fr;Assens
CH;31878;VD;fr;Aubonne
CH;31879;VD;fr;Avenches
CH;31880;VD;fr;Ballaigues
CH;31881;VD;fr;Ballens
CH;31882;VD;fr;Baulmes
CH;31883;VD;fr;Bavois
CH;31884;VD;fr;Begnins
CH;31885;VD;fr;Belmont-sur-Lausanne
CH;31886;VD;fr;Bercher
CH;31887;VD;fr;Bex
CH;31888;VD;fr;Bière
CH;31889;VD;fr;Bioley-Orjulaz
CH;31890;VD;fr;Blonay
CH;31891;VD;fr;Bogis-Bossey
CH;31892;VD;fr;Bonvillars
CH;31893;VD;fr;Borex
CH;31894;VD;fr;Bottens
CH;31895;VD;fr;Brenles
CH;31896;VD;fr;Bullet
CH;31897;VD;fr;Bursinel
CH;31898;VD;fr;Bursins
CH;31899;VD;fr;Burtigny
CH;31900;VD;fr;Caux
CH;31901;VD;fr;Chabrey
CH;31902;VD;fr;Champagne
CH;31903;VD;fr;Champvent
CH;31904;VD;fr;Chardonne
CH;31905;VD;fr;Château-d'Oex
CH;31906;VD;fr;Chavannes-le-Chêne
CH;31907;VD;fr;Chavornay
CH;31908;VD;fr;Chêne-Pâquier
CH;31909;VD;fr;Chesières
CH;31910;VD;fr;Chevroux
CH;31911;VD;fr;Chexbres
CH;31912;VD;fr;Combremont-le-Petit
CH;31913;VD;fr;Concise
CH;31914;VD;fr;Coppet
CH;31915;VD;fr;Corbeyrier
CH;31916;VD;fr;Cossonay-Ville
CH;31917;VD;fr;Crassier
CH;31918;VD;fr;Crissier
CH;31919;VD;fr;Cudrefin
CH;31920;VD;fr;Cully
CH;31921;VD;fr;Daillens
CH;31922;VD;fr;Dizy
CH;31923;VD;fr;Donatyre
CH;31924;VD;fr;Donneloye
CH;31925;VD;fr;Echallens
CH;31926;VD;fr;Epalinges
CH;31927;VD;fr;Epautheyres
CH;31928;VD;fr;Essertines-sur-Rolle
CH;31929;VD;fr;Eysins
CH;31930;VD;fr;Faoug
CH;31931;VD;fr;Fiez
CH;31932;VD;fr;Founex
CH;31933;VD;fr;Froideville
CH;31934;VD;fr;Genolier
CH;31935;VD;fr;Gilly
CH;31936;VD;fr;Gimel
CH;31937;VD;fr;Gingins
CH;31938;VD;fr;Givrins
CH;31939;VD;fr;Gland
CH;31940;VD;fr;Glion
CH;31941;VD;fr;Gollion
CH;31942;VD;fr;Goumoens-la-Ville
CH;31943;VD;fr;Grancy
CH;31944;VD;fr;Grandcour
CH;31945;VD;fr;Grandson
CH;31946;VD;fr;Gryon
CH;31947;VD;fr;Huémoz
CH;31948;VD;fr;La Chiésaz
CH;31949;VD;fr;La Comballaz
CH;31950;VD;fr;La Cure
CH;31951;VD;fr;La Lécherette
CH;31952;VD;fr;La Sarraz
CH;31953;VD;fr;La Tine
CH;31954;VD;fr;La Tour-de-Peilz
CH;31955;VD;fr;L'Abbaye
CH;31956;VD;fr;Lausanne
CH;31957;VD;fr;Lavey-les-Bains
CH;31958;VD;fr;Lavey-Village
CH;31959;VD;fr;Le Brassus
CH;31960;VD;fr;Le Mont-sur-Lausanne
CH;31961;VD;fr;Le Pont
CH;31962;VD;fr;Le Sentier
CH;31963;VD;fr;Le Sépey
CH;31964;VD;fr;Le Vaud
CH;31965;VD;fr;Les Avants
CH;31966;VD;fr;Les Charbonnières
CH;31967;VD;fr;Les Diablerets
CH;31968;VD;fr;Les Mosses
CH;31969;VD;fr;Les Moulins
CH;31970;VD;fr;Les Plans-sur-Bex
CH;31971;VD;fr;Les Thioleyres
CH;31972;VD;fr;Leysin
CH;31973;VD;fr;L'Isle
CH;31974;VD;fr;Longirod
CH;31975;VD;fr;Lucens
CH;31976;VD;fr;Lutry
CH;31977;VD;fr;Maracon
CH;31978;VD;fr;Marchissy
CH;31979;VD;fr;Mauborget
CH;31980;VD;fr;Montcherand
CH;31981;VD;fr;Montreux
CH;31982;VD;fr;Montricher
CH;31983;VD;fr;Mont-sur-Rolle
CH;31984;VD;fr;Morcles
CH;31985;VD;fr;Morges
CH;31986;VD;fr;Moudon
CH;31987;VD;fr;Naz
CH;31988;VD;fr;Novalles
CH;31989;VD;fr;Nyon
CH;31990;VD;fr;Oleyres
CH;31991;VD;fr;Oppens
CH;31992;VD;fr;Orbe
CH;31993;VD;fr;Oron-la-Ville
CH;31994;VD;fr;Pailly
CH;31995;VD;fr;Pampigny
CH;31996;VD;fr;Panex
CH;31997;VD;fr;Paudex
CH;31998;VD;fr;Payerne
CH;31999;VD;fr;Peney-le-Jorat
CH;32000;VD;fr;Penthalaz
CH;32001;VD;fr;Perroy
CH;32002;VD;fr;Prangins
CH;32003;VD;fr;Prilly
CH;32004;VD;fr;Provence
CH;32005;VD;fr;Puidoux
CH;32006;VD;fr;Pully
CH;32007;VD;fr;Rances
CH;32008;VD;fr;Rolle
CH;32009;VD;fr;Romainmôtier
CH;32010;VD;fr;Romanel-sur-Lausanne
CH;32011;VD;fr;Ropraz
CH;32012;VD;fr;Rossinière
CH;32013;VD;fr;Rougemont
CH;32014;VD;fr;Rovray
CH;32015;VD;fr;Rueyres
CH;32016;VD;fr;Savigny
CH;32017;VD;fr;Sédeilles
CH;32018;VD;fr;Sottens
CH;32019;VD;fr;Suchy
CH;32020;VD;fr;Tannay
CH;32021;VD;fr;Thierrens
CH;32022;VD;fr;Trélex
CH;32023;VD;fr;Trey
CH;32024;VD;fr;Vallorbe
CH;32025;VD;fr;Vaulion
CH;32026;VD;fr;Vevey
CH;32027;VD;fr;Veytaux
CH;32028;VD;fr;Villars-le-Grand
CH;32029;VD;fr;Villars-sur-Ollon
CH;32030;VD;fr;Vinzel
CH;32031;VD;fr;Vuiteboeuf
CH;32032;VD;fr;Vullierens
CH;32033;VD;fr;Yens
CH;32034;VD;fr;Yverdon
CH;32035;VD;fr;Yvonand
CH;32036;VD;fr;Yvorne
CH;32037;VS;de;Agarn
CH;32038;VS;de;Albinen
CH;32039;VS;fr;Aproz
CH;32040;VS;fr;Arbaz
CH;32041;VS;fr;Ardon
CH;32042;VS;fr;Arolla
CH;32043;VS;de;Ausserbinn
CH;32044;VS;fr;Ayent
CH;32045;VS;fr;Ayer
CH;32046;VS;de;Baltschieder
CH;32047;VS;fr;Basse-Nendaz
CH;32048;VS;de;Belalp
CH;32049;VS;de;Bellwald
CH;32050;VS;de;Betten
CH;32051;VS;fr;Beuson
CH;32052;VS;de;Binn
CH;32053;VS;de;Bitsch
CH;32054;VS;de;Blitzingen
CH;32055;VS;fr;Bouveret
CH;32056;VS;fr;Bovernier
CH;32057;VS;fr;Bramois
CH;32058;VS;de;Bratsch
CH;32059;VS;de;Brig
CH;32060;VS;de;Brigerbad
CH;32061;VS;fr;Bruson
CH;32062;VS;de;Bürchen
CH;32063;VS;fr;Chalais
CH;32064;VS;fr;Chamoson
CH;32065;VS;fr;Champéry
CH;32066;VS;fr;Champex
CH;32067;VS;fr;Chandolin
CH;32068;VS;fr;Charrat
CH;32069;VS;fr;Chemin
CH;32070;VS;fr;Chermignon
CH;32071;VS;fr;Chippis
CH;32072;VS;fr;Collombey
CH;32073;VS;fr;Collonges
CH;32074;VS;fr;Conthey
CH;32075;VS;fr;Crans-sur-Sierre
CH;32076;VS;fr;Dorénaz
CH;32077;VS;de;Eggerberg
CH;32078;VS;de;Eischoll
CH;32079;VS;de;Eisten
CH;32080;VS;de;Embd
CH;32081;VS;fr;Erde
CH;32082;VS;de;Ernen
CH;32083;VS;de;Erschmatt
CH;32084;VS;fr;Euseigne
CH;32085;VS;fr;Evionnaz
CH;32086;VS;fr;Evolène
CH;32087;VS;de;Eyholz
CH;32088;VS;de;Ferden
CH;32089;VS;de;Feschel
CH;32090;VS;de;Fiesch
CH;32091;VS;fr;Finhaut
CH;32092;VS;fr;Fionnay
CH;32093;VS;fr;Fully
CH;32094;VS;de;Gampel
CH;32095;VS;de;Gamsen
CH;32096;VS;de;Geschinen
CH;32097;VS;de;Glis
CH;32098;VS;de;Gondo
CH;32099;VS;de;Goppenstein
CH;32100;VS;de;Goppisberg
CH;32101;VS;de;Gornergrat
CH;32102;VS;de;Grächen
CH;32103;VS;de;Grengiols
CH;32104;VS;fr;Grimentz
CH;32105;VS;fr;Grimisuat
CH;32106;VS;fr;Grône
CH;32107;VS;de;Gruben
CH;32108;VS;de;Herbriggen
CH;32109;VS;fr;Hérémence
CH;32110;VS;de;Inden
CH;32111;VS;fr;Isérables
CH;32112;VS;de;Jungfraujoch
CH;32113;VS;de;Kippel
CH;32114;VS;de;Lalden
CH;32115;VS;de;Lax
CH;32116;VS;fr;Lens
CH;32117;VS;fr;Les Haudères
CH;32118;VS;fr;Les Marécottes
CH;32119;VS;de;Leuk Stadt
CH;32120;VS;de;Leukerbad
CH;32121;VS;fr;Leytron
CH;32122;VS;fr;Liddes
CH;32123;VS;fr;Lourtier
CH;32124;VS;fr;Martigny
CH;32125;VS;fr;Martigny-Croix
CH;32126;VS;fr;Mase
CH;32127;VS;fr;Miège
CH;32128;VS;fr;Monthey
CH;32129;VS;de;Mörel
CH;32130;VS;fr;Morgins
CH;32131;VS;de;Mund
CH;32132;VS;de;Naters
CH;32133;VS;fr;Nax
CH;32134;VS;de;Niedergampel
CH;32135;VS;de;Niedergesteln
CH;32136;VS;de;Niederwald
CH;32137;VS;de;Oberems
CH;32138;VS;de;Obergesteln
CH;32139;VS;de;Oberwald
CH;32140;VS;fr;Orsières
CH;32141;VS;fr;Ovronnaz
CH;32142;VS;fr;Port-Valais
CH;32143;VS;fr;Praz-de-Fort
CH;32144;VS;de;Randa
CH;32145;VS;fr;Randogne
CH;32146;VS;de;Raron
CH;32147;VS;fr;Riddes
CH;32148;VS;de;Ried-Brig
CH;32149;VS;de;Riederalp
CH;32150;VS;de;Ritzingen
CH;32151;VS;fr;Saillon
CH;32152;VS;de;Salgesch
CH;32153;VS;fr;Salvan
CH;32154;VS;fr;Savièse
CH;32155;VS;fr;Saxon
CH;32156;VS;fr;Sembrancher
CH;32157;VS;fr;Sierre
CH;32158;VS;de;Simplon Dorf
CH;32159;VS;fr;Sion
CH;32160;VS;de;Staldenried
CH;32161;VS;de;Steinhaus
CH;32162;VS;de;Susten
CH;32163;VS;de;Täsch
CH;32164;VS;de;Termen
CH;32165;VS;de;Törbel
CH;32166;VS;fr;Trient
CH;32167;VS;fr;Troistorrents
CH;32168;VS;de;Turtmann
CH;32169;VS;de;Ulrichen
CH;32170;VS;de;Varen
CH;32171;VS;fr;Verbier
CH;32172;VS;fr;Vercorin
CH;32173;VS;fr;Vernamiège
CH;32174;VS;fr;Vernayaz
CH;32175;VS;fr;Vétroz
CH;32176;VS;fr;Vex
CH;32177;VS;fr;Veysonnaz
CH;32178;VS;fr;Vionnaz
CH;32179;VS;de;Visp
CH;32180;VS;de;Visperterminen
CH;32181;VS;fr;Vissoie
CH;32182;VS;fr;Vouvry
CH;32183;VS;de;Zeneggen
CH;32184;VS;de;Zermatt
CH;32185;VS;fr;Zinal
CH;32186;ZG;de;Baar
CH;32187;ZG;de;Buonas
CH;32188;ZG;de;Cham
CH;32189;ZG;de;Hünenberg
CH;32190;ZG;de;Menzingen
CH;32191;ZG;de;Morgarten
CH;32192;ZG;de;Neuheim
CH;32193;ZG;de;Risch
CH;32194;ZG;de;Rotkreuz
CH;32195;ZG;de;Sihlbrugg
CH;32196;ZG;de;Steinhausen
CH;32197;ZG;de;Unterägeri
CH;32198;ZG;de;Walchwil
CH;32199;ZG;de;Zug
CH;32200;ZG;de;Zugerberg
CH;32201;ZH;de;Adliswil
CH;32202;ZH;de;Affoltern am Albis
CH;32203;ZH;de;Alten
CH;32204;ZH;de;Andelfingen
CH;32205;ZH;de;Bachenbülach
CH;32206;ZH;de;Bachs
CH;32207;ZH;de;Bäretswil
CH;32208;ZH;de;Bassersdorf
CH;32209;ZH;de;Bauma
CH;32210;ZH;de;Bonstetten
CH;32211;ZH;de;Brütten
CH;32212;ZH;de;Brüttisellen
CH;32213;ZH;de;Bubikon
CH;32214;ZH;de;Bülach
CH;32215;ZH;de;Dachsen
CH;32216;ZH;de;Dielsdorf
CH;32217;ZH;de;Dietikon
CH;32218;ZH;de;Dietlikon
CH;32219;ZH;de;Dinhard
CH;32220;ZH;de;Dübendorf
CH;32221;ZH;de;Dürnten
CH;32222;ZH;de;Effretikon
CH;32223;ZH;de;Eglisau
CH;32224;ZH;de;Elgg
CH;32225;ZH;de;Ellikon am Rhein
CH;32226;ZH;de;Ellikon an der Thur
CH;32227;ZH;de;Embrach
CH;32228;ZH;de;Fällanden
CH;32229;ZH;de;Fehraltorf
CH;32230;ZH;de;Feldbach
CH;32231;ZH;de;Feldmeilen
CH;32232;ZH;de;Feuerthalen
CH;32233;ZH;de;Fischenthal
CH;32234;ZH;de;Flaach
CH;32235;ZH;de;Flurlingen
CH;32236;ZH;de;Glattbrugg
CH;32237;ZH;de;Glattfelden
CH;32238;ZH;de;Greifensee
CH;32239;ZH;de;Grüningen
CH;32240;ZH;de;Henggart
CH;32241;ZH;de;Herrliberg
CH;32242;ZH;de;Hettlingen
CH;32243;ZH;de;Hinwil
CH;32244;ZH;de;Hirzel
CH;32245;ZH;de;Hittnau
CH;32246;ZH;de;Hombrechtikon
CH;32247;ZH;de;Horgen
CH;32248;ZH;de;Hüntwangen
CH;32249;ZH;de;Hütten
CH;32250;ZH;de;Illnau
CH;32251;ZH;de;Kappel am Albis
CH;32252;ZH;de;Kemptthal
CH;32253;ZH;de;Kloten
CH;32254;ZH;de;Knonau
CH;32255;ZH;de;Kollbrunn
CH;32256;ZH;de;Kyburg
CH;32257;ZH;de;Lindau
CH;32258;ZH;de;Männedorf
CH;32259;ZH;de;Marthalen
CH;32260;ZH;de;Maschwanden
CH;32261;ZH;de;Maur
CH;32262;ZH;de;Meilen
CH;32263;ZH;de;Mettmenstetten
CH;32264;ZH;de;Mönchaltorf
CH;32265;ZH;de;Nänikon
CH;32266;ZH;de;Neftenbach
CH;32267;ZH;de;Niederweningen
CH;32268;ZH;de;Nohl
CH;32269;ZH;de;Nürensdorf
CH;32270;ZH;de;Oberembrach
CH;32271;ZH;de;Oberengstringen
CH;32272;ZH;de;Oberrieden
CH;32273;ZH;de;Oberweningen
CH;32274;ZH;de;Obfelden
CH;32275;ZH;de;Oetwil am See
CH;32276;ZH;de;Oetwil an der Limmat
CH;32277;ZH;de;Opfikon
CH;32278;ZH;de;Ossingen
CH;32279;ZH;de;Otelfingen
CH;32280;ZH;de;Ottenbach
CH;32281;ZH;de;Pfungen
CH;32282;ZH;de;Rafz
CH;32283;ZH;de;Rämismühle
CH;32284;ZH;de;Räterschen
CH;32285;ZH;de;Regensberg
CH;32286;ZH;de;Regensdorf
CH;32287;ZH;de;Rheinau
CH;32288;ZH;de;Richterswil
CH;32289;ZH;de;Rorbas
CH;32290;ZH;de;Rümlang
CH;32291;ZH;de;Rüschlikon
CH;32292;ZH;de;Russikon
CH;32293;ZH;de;Saland
CH;32294;ZH;de;Samstagern
CH;32295;ZH;de;Schlieren
CH;32296;ZH;de;Seuzach
CH;32297;ZH;de;Stäfa
CH;32298;ZH;de;Stallikon
CH;32299;ZH;de;Sternenberg
CH;32300;ZH;de;Tann
CH;32301;ZH;de;Thalwil
CH;32302;ZH;de;Trüllikon
CH;32303;ZH;de;Turbenthal
CH;32304;ZH;de;Uerikon
CH;32305;ZH;de;Uetikon am See
CH;32306;ZH;de;Uetliberg
CH;32307;ZH;de;Uhwiesen
CH;32308;ZH;de;Unterengstringen
CH;32309;ZH;de;Urdorf
CH;32310;ZH;de;Uster
CH;32311;ZH;de;Volketswil
CH;32312;ZH;de;Wädenswil
CH;32313;ZH;de;Wallisellen
CH;32314;ZH;de;Wasterkingen
CH;32315;ZH;de;Weisslingen
CH;32316;ZH;de;Wernetshausen
CH;32317;ZH;de;Wiesendangen
CH;32318;ZH;de;Wila
CH;32319;ZH;de;Wildberg
CH;32320;ZH;de;Windlach
CH;32321;ZH;de;Winkel
CH;32322;ZH;de;Winterthur
CH;32323;ZH;de;Zollikon
CH;32324;ZH;de;Zumikon
CH;32325;ZH;de;Zürich
